hcp_id,hcp_name,city_id,specialty,loyalty_tier,potential_score
1,Jairaj Kothari,11,Cardiologist,Competitor_Loyal,42
2,Udarsh Bala,3,Diabetologist,Switcher,52
3,Jalsa Parsa,9,Diabetologist,Competitor_Loyal,63
4,Aarav Bava,7,Cardiologist,Switcher,60
5,Tara Sharma,9,Cardiologist,Switcher,58
6,Zarna Mangal,9,Cardiologist,Competitor_Loyal,71
7,Vaishnavi Keer,7,Cardiologist,Brand_Loyal,41
8,Abhiram Bir,13,Diabetologist,Brand_Loyal,42
9,Aahana Pillay,1,Cardiologist,Switcher,50
10,Ishaan Cherian,7,GP,Competitor_Loyal,26
11,Siddharth Sha,1,Diabetologist,Switcher,56
12,Vrishti Parmer,7,Cardiologist,Competitor_Loyal,62
13,Ijaya Saraf,12,GP,Switcher,31
14,Varenya Kibe,5,Cardiologist,Competitor_Loyal,58
15,Indira Nigam,3,GP,Switcher,30
16,Saanvi Samra,2,Diabetologist,Switcher,71
17,Siddharth Talwar,6,Cardiologist,Brand_Loyal,62
18,Raksha Buch,1,Diabetologist,Switcher,40
19,Ishita Shanker,12,Diabetologist,Competitor_Loyal,50
20,Ayushman Mammen,12,GP,Brand_Loyal,68
21,Balhaar Parsa,5,GP,Switcher,75
22,Zansi Walla,9,GP,Switcher,73
23,Veda Kulkarni,9,Cardiologist,Switcher,61
24,Kritika Rau,8,Cardiologist,Brand_Loyal,51
25,Xalak Walla,13,GP,Brand_Loyal,49
26,Utkarsh Patel,1,Diabetologist,Competitor_Loyal,79
27,Tanveer Shankar,8,GP,Competitor_Loyal,62
28,Riya Kakar,7,GP,Brand_Loyal,79
29,Mahika Bhatti,6,Diabetologist,Brand_Loyal,77
30,Zarna Shetty,1,Cardiologist,Switcher,72
31,Leena Dey,5,Cardiologist,Switcher,71
32,Anvi Swaminathan,9,Diabetologist,Switcher,69
33,Urvashi Khosla,5,GP,Competitor_Loyal,67
34,Ira Pai,9,GP,Switcher,69
35,Chandani Ramakrishnan,13,GP,Switcher,50
36,Wishi Morar,4,Diabetologist,Brand_Loyal,68
37,Noah Ramachandran,12,Cardiologist,Competitor_Loyal,76
38,Brijesh Soman,11,Diabetologist,Switcher,31
39,William Gandhi,9,GP,Switcher,71
40,Urvi Bhavsar,1,Cardiologist,Competitor_Loyal,74
41,Ekbal Bhasin,1,GP,Switcher,82
42,Urmi Dash,14,Cardiologist,Switcher,22
43,Mohini Sagar,1,Diabetologist,Competitor_Loyal,63
44,Mekhala Khatri,5,GP,Competitor_Loyal,82
45,Urishilla Saran,9,Diabetologist,Switcher,58
46,Amruta Dass,10,Cardiologist,Competitor_Loyal,73
47,Balhaar Ranganathan,5,GP,Competitor_Loyal,78
48,Ryan Goyal,15,GP,Brand_Loyal,43
49,Charvi Dara,1,GP,Competitor_Loyal,64
50,Vansha Rajagopal,7,GP,Brand_Loyal,69
51,Aradhana Bhatia,13,GP,Brand_Loyal,70
52,Chaitaly Setty,1,Diabetologist,Switcher,75
53,Omya Kothari,8,GP,Competitor_Loyal,48
54,Dev Shetty,1,Cardiologist,Brand_Loyal,69
55,Zinal Shanker,7,Cardiologist,Switcher,46
56,Upma Wali,14,Cardiologist,Competitor_Loyal,48
57,Dominic Mukhopadhyay,7,Diabetologist,Brand_Loyal,66
58,Gaurang Korpal,12,Diabetologist,Competitor_Loyal,56
59,Gunbir Wali,13,GP,Switcher,36
60,Charvi Dara,3,GP,Switcher,24
61,Ishaan Raju,9,Diabetologist,Switcher,78
62,Advaith Chaudhari,5,Diabetologist,Competitor_Loyal,80
63,Abhiram Kaul,10,Diabetologist,Competitor_Loyal,70
64,Aadi Chand,8,GP,Brand_Loyal,63
65,Vamakshi Pillai,15,Diabetologist,Competitor_Loyal,36
66,Ubika Devi,13,GP,Switcher,37
67,Maya Narain,6,Diabetologist,Switcher,52
68,Sarthak Buch,14,Diabetologist,Brand_Loyal,41
69,Upkaar Virk,1,Diabetologist,Switcher,78
70,Matthew Chatterjee,7,Cardiologist,Brand_Loyal,74
71,Falan Jain,6,Cardiologist,Switcher,49
72,Jeet Pillai,3,Cardiologist,Brand_Loyal,57
73,Ekansh Sane,12,Diabetologist,Switcher,76
74,Yasti Borde,7,Cardiologist,Switcher,47
75,Zashil Butala,6,Diabetologist,Switcher,51
76,Gauri Bumb,2,GP,Brand_Loyal,69
77,Sanaya Thaman,12,Diabetologist,Switcher,48
78,Yachana Sagar,6,GP,Switcher,35
79,Jalsa Bir,3,Diabetologist,Switcher,40
80,Nitara Iyengar,13,Cardiologist,Switcher,54
81,Faqid Kibe,1,Cardiologist,Brand_Loyal,79
82,Champak Rao,9,GP,Competitor_Loyal,48
83,Yutika D’Alia,13,Diabetologist,Switcher,20
84,Suhani Chana,12,Diabetologist,Brand_Loyal,84
85,Yachana Luthra,12,GP,Competitor_Loyal,58
86,Meera Divan,12,GP,Competitor_Loyal,63
87,Anika Virk,13,GP,Brand_Loyal,53
88,Azad Choudhary,5,Diabetologist,Switcher,39
89,Christopher Amble,2,Diabetologist,Switcher,53
90,Keya Goyal,13,GP,Switcher,17
91,Odika Ganesh,10,GP,Brand_Loyal,69
92,Frado Lad,6,Cardiologist,Switcher,50
93,Hritik Kaur,1,Diabetologist,Switcher,60
94,Harinakshi Kant,2,Cardiologist,Brand_Loyal,86
95,Ira Mane,14,Diabetologist,Switcher,51
96,Nimrat Sathe,12,Cardiologist,Brand_Loyal,81
97,Amrita Tailor,5,Cardiologist,Competitor_Loyal,75
98,Anirudh Mander,9,GP,Switcher,65
99,Aradhana Nair,7,Cardiologist,Brand_Loyal,36
100,Janaki Srivastava,14,GP,Switcher,38
101,Nakul Pathak,9,Cardiologist,Brand_Loyal,90
102,Advika Misra,7,GP,Switcher,61
103,Jeremiah Mitter,4,Diabetologist,Switcher,44
104,Hemangini Gade,7,Cardiologist,Switcher,50
105,Siya Thakur,1,Cardiologist,Switcher,45
106,Garima Prabhu,7,Diabetologist,Brand_Loyal,73
107,Garima Chandran,5,GP,Brand_Loyal,61
108,Gopal Pradhan,1,Diabetologist,Brand_Loyal,68
109,Manthan Khosla,5,Cardiologist,Competitor_Loyal,68
110,Devansh Bhasin,5,Cardiologist,Switcher,82
111,Gabriel Chaudhry,6,Cardiologist,Switcher,57
112,Ekalinga Jayaraman,14,Cardiologist,Switcher,54
113,Dayamai Karnik,10,GP,Switcher,38
114,Jai Mahal,13,Diabetologist,Competitor_Loyal,37
115,Tanay Sood,6,GP,Competitor_Loyal,60
116,Champak Narula,3,Diabetologist,Competitor_Loyal,51
117,Oliver Bhattacharyya,7,Cardiologist,Brand_Loyal,48
118,Gabriel Majumdar,9,Diabetologist,Brand_Loyal,82
119,Libni Bumb,3,Diabetologist,Competitor_Loyal,74
120,Lajita Munshi,12,Diabetologist,Competitor_Loyal,82
121,Samaksh Virk,9,Cardiologist,Brand_Loyal,72
122,Jatin Peri,7,Cardiologist,Switcher,41
123,Rishi Contractor,9,GP,Brand_Loyal,43
124,Hiral Sathe,5,Diabetologist,Competitor_Loyal,65
125,Brijesh Pandit,3,Diabetologist,Switcher,55
126,Lakshmi Ram,9,GP,Brand_Loyal,72
127,Jasmit Dhawan,5,Cardiologist,Competitor_Loyal,64
128,Kalpit Oak,6,Diabetologist,Competitor_Loyal,60
129,Nisha Khare,13,GP,Brand_Loyal,37
130,Aarav Pandit,3,GP,Switcher,59
131,Aahana Bawa,12,Diabetologist,Brand_Loyal,82
132,Hemal Choudhry,12,GP,Competitor_Loyal,93
133,Tara Parmar,6,Diabetologist,Switcher,65
134,Vanya Dua,5,GP,Switcher,69
135,Pushti Magar,6,Diabetologist,Switcher,53
136,Victor Sachdeva,9,Diabetologist,Competitor_Loyal,66
137,Devika Dayal,7,GP,Competitor_Loyal,52
138,Varsha Mody,13,Diabetologist,Brand_Loyal,49
139,Qasim Sarraf,15,Diabetologist,Brand_Loyal,51
140,Yatan Venkataraman,12,GP,Switcher,81
141,Abhiram Arora,9,Diabetologist,Competitor_Loyal,72
142,Ekansh Singh,2,Cardiologist,Competitor_Loyal,55
143,Darsh Chana,12,Diabetologist,Switcher,59
144,Jalsa Mani,15,GP,Brand_Loyal,59
145,Aarush Kulkarni,12,Diabetologist,Competitor_Loyal,53
146,Kashvi Sagar,5,Diabetologist,Brand_Loyal,80
147,Veda Bose,5,GP,Brand_Loyal,59
148,Faras Nair,12,Diabetologist,Switcher,62
149,Karan Aurora,1,GP,Competitor_Loyal,81
150,Barkha Setty,1,GP,Switcher,69
151,Ojas Ranganathan,10,GP,Competitor_Loyal,40
152,Oni Chowdhury,7,Diabetologist,Brand_Loyal,99
153,Ladli Purohit,5,GP,Switcher,56
154,Yauvani Dhar,9,GP,Brand_Loyal,74
155,Chavvi Maharaj,2,Cardiologist,Switcher,69
156,Ijaya Rege,1,Cardiologist,Switcher,44
157,Ladli Karpe,5,Cardiologist,Brand_Loyal,69
158,Joshua Menon,12,GP,Competitor_Loyal,38
159,Siddharth Gupta,5,Diabetologist,Switcher,58
160,Pooja Ramanathan,12,Diabetologist,Brand_Loyal,85
161,Chavvi Khurana,5,Cardiologist,Switcher,51
162,Zayyan Kamdar,7,Diabetologist,Switcher,55
163,Manthan Modi,1,GP,Brand_Loyal,62
164,Nidhi Sant,9,GP,Switcher,54
165,Arunima Bedi,8,GP,Switcher,67
166,Charita Barad,12,GP,Switcher,57
167,Manan Bhalla,9,Diabetologist,Competitor_Loyal,46
168,Jagrati Sur,13,Cardiologist,Switcher,57
169,Aryan Narang,1,Cardiologist,Competitor_Loyal,64
170,Rushil Mahal,7,GP,Competitor_Loyal,61
171,Chatresh Bhalla,9,Cardiologist,Switcher,39
172,Tristan Uppal,5,Diabetologist,Brand_Loyal,86
173,Omisha Sharma,14,GP,Brand_Loyal,50
174,Leela Bhagat,12,Diabetologist,Competitor_Loyal,94
175,Idika Bhattacharyya,3,Diabetologist,Competitor_Loyal,91
176,Dominic Kade,9,GP,Brand_Loyal,86
177,Lila Salvi,6,Cardiologist,Switcher,62
178,Ekiya Gade,12,Cardiologist,Switcher,63
179,Victor Mutti,9,Cardiologist,Brand_Loyal,52
180,Onkar Mandal,12,Cardiologist,Competitor_Loyal,95
181,Lucky Mammen,6,GP,Switcher,73
182,Adweta Kale,6,Diabetologist,Switcher,82
183,Vedant Chaudhari,13,Diabetologist,Switcher,43
184,Siya Shan,12,GP,Competitor_Loyal,48
185,Yashodhara Agate,6,Diabetologist,Competitor_Loyal,75
186,Ojas Suri,6,Cardiologist,Switcher,51
187,Jagdish Dhar,15,Cardiologist,Switcher,31
188,Madhav Sule,9,Cardiologist,Brand_Loyal,53
189,Tristan Dave,9,GP,Switcher,51
190,Vidhi Mital,9,Diabetologist,Competitor_Loyal,48
191,Nitara Devan,5,Diabetologist,Competitor_Loyal,33
192,Krisha Saini,1,Diabetologist,Competitor_Loyal,69
193,Indali Prashad,7,GP,Switcher,57
194,Maanav De,1,Cardiologist,Competitor_Loyal,90
195,Rajata Sunder,1,Diabetologist,Brand_Loyal,82
196,Jagat Dave,5,Cardiologist,Competitor_Loyal,65
197,Wishi Agrawal,8,Diabetologist,Brand_Loyal,21
198,Yochana Bhargava,15,Cardiologist,Switcher,23
199,Ganga Sandhu,5,GP,Switcher,65
200,Vedant Desai,7,Diabetologist,Switcher,40
201,Anjali Sachdeva,14,Cardiologist,Switcher,54
202,Nidra Thakkar,5,Diabetologist,Competitor_Loyal,47
203,Balendra Biswas,1,Cardiologist,Competitor_Loyal,68
204,Brinda Bali,6,Cardiologist,Switcher,76
205,Jairaj Iyer,3,Cardiologist,Competitor_Loyal,43
206,Devansh Soni,1,Cardiologist,Switcher,65
207,Rachit Pall,12,Cardiologist,Brand_Loyal,58
208,Advay Dhaliwal,9,Diabetologist,Competitor_Loyal,51
209,Victor Radhakrishnan,9,Cardiologist,Competitor_Loyal,64
210,Aryan Batra,1,Diabetologist,Switcher,81
211,Vamakshi Barad,9,Diabetologist,Competitor_Loyal,64
212,William Date,1,Diabetologist,Switcher,41
213,Anirudh Sharaf,2,GP,Brand_Loyal,51
214,Panini Krishna,1,Cardiologist,Competitor_Loyal,60
215,Tanvi Comar,6,Diabetologist,Competitor_Loyal,68
216,Omya Garg,13,Cardiologist,Switcher,70
217,Ganga Shukla,9,Diabetologist,Competitor_Loyal,56
218,Hardik Nayak,3,Diabetologist,Switcher,40
219,Jalsa Pillay,4,Cardiologist,Switcher,42
220,Nidra Boase,12,Cardiologist,Switcher,72
221,Lila Goyal,7,Cardiologist,Competitor_Loyal,99
222,Zashil Devan,1,GP,Switcher,67
223,Charan Loyal,5,Cardiologist,Switcher,48
224,Sanaya Parekh,12,Cardiologist,Switcher,45
225,Madhavi Sekhon,12,Diabetologist,Switcher,80
226,Aashi Gaba,14,GP,Competitor_Loyal,56
227,Alka Kade,4,Cardiologist,Switcher,73
228,Chasmum Atwal,1,Diabetologist,Competitor_Loyal,97
229,Nidra Chhabra,12,Cardiologist,Brand_Loyal,72
230,Anvi Bhandari,3,GP,Switcher,66
231,Oni Parekh,14,GP,Switcher,28
232,Ati Bali,1,Cardiologist,Competitor_Loyal,57
233,Shravya Gole,9,GP,Competitor_Loyal,56
234,Ranveer Manne,12,GP,Brand_Loyal,61
235,Ganga Keer,7,Diabetologist,Competitor_Loyal,51
236,Zashil Ben,2,Diabetologist,Switcher,46
237,Darika Sheth,6,GP,Brand_Loyal,55
238,Manbir Dhar,6,GP,Competitor_Loyal,47
239,Vanya Sarin,13,GP,Switcher,59
240,Udant Aggarwal,5,Cardiologist,Switcher,67
241,Falak Agate,6,GP,Competitor_Loyal,50
242,Baljiwan Chahal,9,GP,Competitor_Loyal,46
243,Christopher Setty,5,Diabetologist,Competitor_Loyal,80
244,Raksha Saini,7,GP,Brand_Loyal,82
245,Saanvi Kota,11,GP,Switcher,38
246,Aishani Bumb,1,GP,Competitor_Loyal,62
247,Thomas Bhatnagar,13,Diabetologist,Brand_Loyal,77
248,Forum Sen,12,GP,Competitor_Loyal,61
249,Advik Konda,6,GP,Brand_Loyal,50
250,Viraj Chacko,9,GP,Switcher,78
251,Gaurav Kapadia,7,GP,Competitor_Loyal,34
252,Diya Dora,2,Diabetologist,Switcher,52
253,Samarth Verma,14,Cardiologist,Switcher,46
254,Anirudh Sastry,5,Diabetologist,Switcher,56
255,Ekani Bhatnagar,12,GP,Brand_Loyal,72
256,Chatresh Shroff,12,Diabetologist,Switcher,43
257,Omaja Rege,5,Cardiologist,Switcher,63
258,Daksh Andra,5,Cardiologist,Switcher,76
259,Warinder Sankaran,9,Diabetologist,Switcher,82
260,Krisha Dugar,13,GP,Competitor_Loyal,55
261,Amrita Naidu,1,Diabetologist,Switcher,44
262,Siya Pillai,14,Diabetologist,Brand_Loyal,63
263,Saanvi Thaman,1,Cardiologist,Switcher,65
264,Samaksh Jayaraman,12,Cardiologist,Competitor_Loyal,59
265,Nitesh Raval,7,Diabetologist,Switcher,42
266,Sai Vasa,9,Diabetologist,Brand_Loyal,76
267,Yadavi Prakash,3,GP,Competitor_Loyal,60
268,Vivaan Roy,1,Cardiologist,Competitor_Loyal,65
269,Aarini Subramaniam,1,Diabetologist,Competitor_Loyal,40
270,Wakeeta Dixit,7,Diabetologist,Switcher,83
271,Idika Pandey,12,Cardiologist,Switcher,69
272,Arjun Shroff,12,Cardiologist,Switcher,68
273,Varenya Kala,5,Cardiologist,Competitor_Loyal,53
274,Janani Char,14,Cardiologist,Brand_Loyal,55
275,Gopal Dasgupta,15,Diabetologist,Brand_Loyal,53
276,Radhika De,6,Diabetologist,Competitor_Loyal,75
277,Praneel Chhabra,5,GP,Switcher,53
278,Ayush Bumb,4,Cardiologist,Switcher,54
279,Thomas Lall,10,GP,Competitor_Loyal,72
280,Oni Dubey,1,Cardiologist,Brand_Loyal,84
281,Aradhana Tailor,14,Cardiologist,Switcher,44
282,Triya Bedi,6,GP,Competitor_Loyal,59
283,Guneet Sarkar,5,GP,Brand_Loyal,84
284,Balveer Rajagopalan,13,GP,Switcher,37
285,Damini Dua,9,Cardiologist,Competitor_Loyal,78
286,Upma Bahl,1,Diabetologist,Competitor_Loyal,43
287,Om Bose,2,GP,Brand_Loyal,59
288,Matthew Sekhon,12,GP,Switcher,76
289,Advik Salvi,1,GP,Competitor_Loyal,81
290,Ranbir Khare,1,Diabetologist,Switcher,35
291,Viraj Kunda,12,Cardiologist,Switcher,63
292,Sarthak Sachdeva,12,Diabetologist,Competitor_Loyal,69
293,Christopher Chana,13,Cardiologist,Switcher,35
294,Ekaraj Hari,9,Diabetologist,Brand_Loyal,77
295,Dhriti Sachdev,5,Cardiologist,Competitor_Loyal,58
296,Hemal Chad,2,GP,Competitor_Loyal,46
297,Lajita Sood,1,Diabetologist,Competitor_Loyal,55
298,Abeer Comar,12,Diabetologist,Switcher,60
299,Sathvik Swamy,12,Cardiologist,Switcher,33
300,Zilmil Mander,4,GP,Brand_Loyal,39
301,Teerth Srinivas,5,GP,Competitor_Loyal,61
302,Patrick Vig,1,Diabetologist,Brand_Loyal,74
303,Liam Chadha,14,Cardiologist,Switcher,50
304,Lila Vig,12,Cardiologist,Brand_Loyal,88
305,Ekavir Wable,6,Cardiologist,Switcher,61
306,Gaurang Ahuja,14,GP,Switcher,49
307,Jairaj Panchal,10,Diabetologist,Switcher,64
308,Shivansh Saini,9,GP,Brand_Loyal,55
309,Kala Bera,12,Cardiologist,Competitor_Loyal,31
310,Zaid Dara,1,GP,Competitor_Loyal,51
311,Nidhi Bora,10,Cardiologist,Switcher,81
312,Quincy Raj,14,GP,Competitor_Loyal,31
313,Caleb Datta,9,Diabetologist,Brand_Loyal,91
314,Indali Morar,14,Diabetologist,Competitor_Loyal,54
315,Ryan Chatterjee,7,Diabetologist,Switcher,57
316,Aarini Grewal,5,Cardiologist,Competitor_Loyal,62
317,Ubika Seth,12,GP,Switcher,63
318,Tara Tank,12,Cardiologist,Competitor_Loyal,55
319,Shaurya Saran,13,Cardiologist,Competitor_Loyal,50
320,Manbir Bhakta,12,GP,Switcher,59
321,Osha Ramachandran,1,Diabetologist,Brand_Loyal,70
322,Ucchal Tiwari,7,Diabetologist,Switcher,52
323,Tanmayi Aurora,1,GP,Switcher,22
324,Faqid Goel,2,GP,Switcher,57
325,Shivani Sinha,12,GP,Switcher,50
326,Triveni Pal,5,Diabetologist,Competitor_Loyal,91
327,Daksha Tak,14,Diabetologist,Brand_Loyal,82
328,Nisha Arora,5,GP,Competitor_Loyal,60
329,Upadhriti Maharaj,12,Diabetologist,Switcher,32
330,Dalaja Kaur,6,GP,Competitor_Loyal,83
331,Ria Sagar,4,Cardiologist,Competitor_Loyal,36
332,Gaurangi Mitter,5,Cardiologist,Switcher,73
333,Wyatt Hayer,13,Diabetologist,Competitor_Loyal,46
334,Jacob Merchant,5,Diabetologist,Competitor_Loyal,71
335,Baghyawati Raja,2,Cardiologist,Switcher,72
336,Advika Murthy,8,Diabetologist,Competitor_Loyal,13
337,Omaja Grover,3,GP,Brand_Loyal,36
338,Aadhya Andra,1,Cardiologist,Competitor_Loyal,52
339,Jack Pandey,9,Cardiologist,Competitor_Loyal,46
340,Kamya Seth,12,Cardiologist,Switcher,39
341,Ucchal Thaker,9,Cardiologist,Brand_Loyal,74
342,Indali Divan,2,GP,Switcher,60
343,Eta Bhakta,14,Diabetologist,Brand_Loyal,79
344,Sachi Dave,6,GP,Switcher,71
345,Chakradev Sampath,5,Diabetologist,Switcher,57
346,Parth Hari,12,Diabetologist,Competitor_Loyal,47
347,Oeshi Bera,3,Cardiologist,Switcher,60
348,Aarna Soni,14,GP,Competitor_Loyal,56
349,Advaith Acharya,10,GP,Switcher,42
350,Gautam Mane,7,Cardiologist,Brand_Loyal,73
351,Radha Chaudhari,1,GP,Switcher,53
352,David Devi,5,GP,Brand_Loyal,47
353,Oliver Kade,13,Cardiologist,Competitor_Loyal,45
354,Jackson Morar,12,GP,Switcher,55
355,Manthan Lata,1,Diabetologist,Switcher,33
356,Logan Suresh,5,Cardiologist,Competitor_Loyal,69
357,Ishita Sarma,7,GP,Brand_Loyal,67
358,Aarna Lanka,13,Cardiologist,Competitor_Loyal,76
359,Ubika Balay,11,GP,Brand_Loyal,37
360,Aarna Goswami,7,GP,Switcher,57
361,Hema Pandya,5,Cardiologist,Switcher,68
362,Vedika Handa,2,GP,Competitor_Loyal,61
363,Neelima Butala,6,Cardiologist,Competitor_Loyal,65
364,Watika Mangat,1,Cardiologist,Switcher,96
365,Fitan Loyal,5,GP,Competitor_Loyal,37
366,Yashica Upadhyay,5,Diabetologist,Switcher,57
367,Nakul Balakrishnan,13,Cardiologist,Switcher,57
368,Forum Chandra,2,GP,Brand_Loyal,63
369,Pallavi Sridhar,9,Diabetologist,Competitor_Loyal,62
370,Dayamai Nori,1,Cardiologist,Switcher,53
371,Mekhala Nanda,7,GP,Brand_Loyal,72
372,Vedika Handa,12,GP,Brand_Loyal,72
373,Hritik Bal,1,Cardiologist,Competitor_Loyal,77
374,Hitesh Chaudhuri,7,Cardiologist,Brand_Loyal,64
375,Ekta Shankar,12,Diabetologist,Switcher,79
376,Ganga Parikh,9,Diabetologist,Switcher,48
377,Omya Doshi,5,GP,Competitor_Loyal,56
378,Janani Dewan,14,GP,Brand_Loyal,58
379,Edhitha Palan,11,GP,Brand_Loyal,53
380,Harrison Kashyap,12,Cardiologist,Competitor_Loyal,72
381,Urvashi Patla,8,GP,Brand_Loyal,59
382,Ekiya Bhargava,6,Diabetologist,Switcher,72
383,Kabir Gopal,4,GP,Switcher,43
384,Anika Dhaliwal,12,GP,Switcher,75
385,Ekiya Khosla,12,GP,Brand_Loyal,89
386,Leela Chakraborty,6,GP,Competitor_Loyal,74
387,Logan Sood,5,GP,Switcher,50
388,Mitali Divan,14,Cardiologist,Switcher,47
389,Mekhala Brar,5,GP,Switcher,39
390,Jagrati Buch,12,Diabetologist,Competitor_Loyal,71
391,Balendra Chander,12,Diabetologist,Brand_Loyal,75
392,Leena Bhatti,12,Cardiologist,Competitor_Loyal,57
393,Tanveer Pandit,5,GP,Competitor_Loyal,62
394,Indali Sangha,6,Cardiologist,Switcher,49
395,Yashasvi Jain,5,GP,Brand_Loyal,47
396,Vedhika Varty,7,Cardiologist,Switcher,46
397,Parth Ray,9,Cardiologist,Competitor_Loyal,78
398,Hema Garde,7,GP,Switcher,46
399,Mohammed Subramaniam,1,Cardiologist,Switcher,63
400,Nitesh Narang,5,GP,Brand_Loyal,88
401,Vritti Basak,14,GP,Switcher,55
402,Caleb Verma,1,GP,Competitor_Loyal,68
403,Manthan Sethi,12,Cardiologist,Competitor_Loyal,35
404,Zaitra Ghosh,5,Diabetologist,Competitor_Loyal,82
405,Jeremiah Nadig,4,Cardiologist,Switcher,30
406,Chatura Bhatnagar,14,GP,Competitor_Loyal,74
407,Nimrat Bajwa,6,Cardiologist,Brand_Loyal,63
408,Maanas Manne,3,Diabetologist,Competitor_Loyal,48
409,Baljiwan Walla,7,Cardiologist,Competitor_Loyal,42
410,Jagrati Madan,13,Cardiologist,Switcher,63
411,Jagvi Varghese,5,GP,Switcher,61
412,Aradhana Date,6,GP,Competitor_Loyal,77
413,Onkar Karpe,13,Cardiologist,Brand_Loyal,70
414,Jai Sen,7,Diabetologist,Switcher,26
415,Idika Walia,1,Diabetologist,Competitor_Loyal,66
416,Vincent Kapur,12,GP,Switcher,47
417,Charan Mani,1,GP,Competitor_Loyal,81
418,Noah Sibal,1,GP,Switcher,66
419,Bahadurjit Patla,1,Diabetologist,Competitor_Loyal,88
420,Lajita Trivedi,12,GP,Brand_Loyal,70
421,Liam Luthra,5,Diabetologist,Switcher,57
422,Laksh Dubey,2,GP,Switcher,52
423,Anita Saxena,10,Diabetologist,Brand_Loyal,30
424,Advika Sahni,5,Cardiologist,Competitor_Loyal,48
425,Upma Golla,11,Diabetologist,Switcher,55
426,Nidra Raj,12,Cardiologist,Competitor_Loyal,75
427,Parth Choudhury,12,Cardiologist,Switcher,58
428,Lohit Narula,6,GP,Switcher,53
429,Ayaan Pandey,6,GP,Competitor_Loyal,51
430,Kamala Bassi,9,Diabetologist,Competitor_Loyal,73
431,Ekantika Kar,4,Diabetologist,Switcher,21
432,Janani Chada,12,Diabetologist,Brand_Loyal,94
433,Charvi Dara,14,Cardiologist,Brand_Loyal,33
434,Ekaja Jani,5,GP,Switcher,54
435,Samuel Luthra,7,GP,Switcher,52
436,Pratyush Pant,15,GP,Switcher,23
437,Xalak Mallick,15,Cardiologist,Brand_Loyal,66
438,Dalaja Maharaj,7,GP,Competitor_Loyal,44
439,Warinder Peri,3,GP,Switcher,54
440,Chasmum Keer,12,GP,Brand_Loyal,55
441,Nidra Mishra,4,GP,Competitor_Loyal,53
442,Chakrika Bains,1,Cardiologist,Switcher,33
443,Upadhriti Bhat,12,GP,Competitor_Loyal,59
444,Nidra Sharaf,5,Diabetologist,Switcher,67
445,Jagvi Chokshi,12,Diabetologist,Switcher,48
446,Aadhya Jani,5,GP,Switcher,60
447,Krisha Palla,7,Cardiologist,Switcher,58
448,Jhalak Dugar,6,Cardiologist,Competitor_Loyal,71
449,Krish Munshi,6,GP,Competitor_Loyal,81
450,Aadi Narula,6,Cardiologist,Competitor_Loyal,56
451,Netra Varkey,1,Diabetologist,Competitor_Loyal,85
452,Ayush Banerjee,10,GP,Competitor_Loyal,40
453,Ayaan D’Alia,1,Cardiologist,Competitor_Loyal,50
454,Ria Gandhi,9,Cardiologist,Competitor_Loyal,68
455,Bhavya Bose,14,GP,Brand_Loyal,60
456,Radhika Bora,9,Diabetologist,Switcher,68
457,Vivaan Walla,2,Diabetologist,Switcher,13
458,Balendra Hans,13,GP,Switcher,62
459,Anamika Sachar,12,Diabetologist,Switcher,61
460,Ekta Sridhar,5,Cardiologist,Switcher,62
461,Ayush Gole,1,Diabetologist,Competitor_Loyal,65
462,Krishna Bhatnagar,3,GP,Switcher,51
463,Girik Rau,6,Diabetologist,Competitor_Loyal,67
464,Sathvik Sankar,12,Diabetologist,Competitor_Loyal,51
465,Ucchal Jani,4,Cardiologist,Switcher,24
466,Harita Dugar,1,Cardiologist,Brand_Loyal,83
467,Triya Kumar,1,GP,Competitor_Loyal,58
468,Chandani Brar,7,Diabetologist,Switcher,29
469,Ethan Buch,1,Cardiologist,Competitor_Loyal,67
470,Lakshmi Pingle,7,GP,Competitor_Loyal,61
471,Yug Dhaliwal,4,Diabetologist,Competitor_Loyal,44
472,Xalak Nazareth,5,Diabetologist,Brand_Loyal,67
473,Barkha Mukhopadhyay,6,GP,Switcher,81
474,Reva Anne,9,Cardiologist,Competitor_Loyal,73
475,Zarna Sharma,9,Cardiologist,Switcher,60
476,Veda Handa,5,Diabetologist,Competitor_Loyal,64
477,Sanaya Prasad,5,Diabetologist,Brand_Loyal,65
478,Warjas Tak,4,Diabetologist,Brand_Loyal,45
479,Charles Dugal,1,GP,Competitor_Loyal,80
480,Laksh Iyer,7,Diabetologist,Switcher,36
481,Ekani Padmanabhan,12,Diabetologist,Switcher,53
482,Chasmum Ahuja,12,Cardiologist,Switcher,56
483,Odika Nori,1,Diabetologist,Brand_Loyal,100
484,Janaki Trivedi,3,Cardiologist,Competitor_Loyal,59
485,Matthew Aurora,10,GP,Brand_Loyal,73
486,Kamya Sachar,12,Cardiologist,Switcher,53
487,Aditya Sundaram,6,GP,Competitor_Loyal,69
488,Baljiwan Bhandari,2,GP,Brand_Loyal,63
489,Sanaya Mani,12,GP,Brand_Loyal,68
490,Rayaan Mangal,3,GP,Competitor_Loyal,86
491,Bhavini Sundaram,12,Diabetologist,Competitor_Loyal,47
492,Daksha Gala,4,Cardiologist,Brand_Loyal,50
493,Urvi Palan,14,GP,Brand_Loyal,39
494,Sanya Wable,5,Diabetologist,Competitor_Loyal,68
495,Aadi Sangha,6,GP,Switcher,63
496,Harshil Munshi,6,Diabetologist,Competitor_Loyal,47
497,Karan Vyas,10,GP,Switcher,51
498,Ryan Das,3,Diabetologist,Competitor_Loyal,17
499,Tarak Vohra,12,Diabetologist,Switcher,43
500,Vincent Ravel,5,GP,Switcher,36
501,Qadim Narayanan,12,Diabetologist,Brand_Loyal,70
502,Saumya Purohit,5,GP,Switcher,88
503,Hemangini Sachdev,7,Diabetologist,Brand_Loyal,73
504,Daksha Baria,6,Diabetologist,Competitor_Loyal,86
505,Dominic Dixit,12,GP,Switcher,58
506,Bimala Manne,14,Diabetologist,Switcher,26
507,Priya Gulati,15,GP,Switcher,27
508,Farhan Raja,1,Diabetologist,Switcher,65
509,Vedhika Sabharwal,14,Cardiologist,Competitor_Loyal,67
510,Hiral Rajan,8,Cardiologist,Switcher,31
511,Upasna Lanka,1,GP,Competitor_Loyal,70
512,Nidhi Bail,2,Cardiologist,Competitor_Loyal,45
513,Neelima Sarna,5,Diabetologist,Competitor_Loyal,52
514,Anthony Majumdar,12,GP,Switcher,84
515,Ranbir Bhatnagar,14,Cardiologist,Switcher,64
516,Indali Srinivas,12,Cardiologist,Brand_Loyal,34
517,Deepa Nigam,12,Diabetologist,Competitor_Loyal,47
518,Devika Nair,1,GP,Brand_Loyal,71
519,Chaitaly Bhagat,12,GP,Switcher,56
520,Aadhya Raman,13,GP,Competitor_Loyal,36
521,Sanya Apte,6,GP,Brand_Loyal,80
522,Amol Parikh,3,Cardiologist,Competitor_Loyal,72
523,Gaurangi Wali,14,GP,Switcher,74
524,Umang Yogi,6,GP,Brand_Loyal,84
525,Om Naik,6,Cardiologist,Switcher,63
526,Manya Merchant,6,Diabetologist,Competitor_Loyal,75
527,Nandini Chandran,5,GP,Competitor_Loyal,70
528,Gayathri Deep,2,Cardiologist,Brand_Loyal,49
529,Nidhi Rama,7,Cardiologist,Brand_Loyal,40
530,Hemangini Bahri,10,Cardiologist,Switcher,30
531,Agastya Chakraborty,7,GP,Brand_Loyal,55
532,Amaira Ramanathan,11,Diabetologist,Switcher,40
533,Charvi Ravi,1,Cardiologist,Brand_Loyal,59
534,William Mody,6,Cardiologist,Competitor_Loyal,66
535,Chatresh Mahajan,14,Diabetologist,Brand_Loyal,59
536,Laban Chad,12,Cardiologist,Competitor_Loyal,82
537,Sarthak Bawa,12,Cardiologist,Switcher,57
538,Shaurya Krish,6,Cardiologist,Competitor_Loyal,53
539,Yashodhara Ratti,5,Diabetologist,Competitor_Loyal,77
540,Panini Kala,15,GP,Switcher,44
541,Gautam Merchant,1,GP,Competitor_Loyal,57
542,Qarin Jha,14,Diabetologist,Brand_Loyal,68
543,Vasudha Tella,12,Diabetologist,Brand_Loyal,84
544,Rishi Menon,9,GP,Brand_Loyal,55
545,Wyatt Lanka,9,GP,Competitor_Loyal,45
546,Kevin Gokhale,9,Diabetologist,Brand_Loyal,73
547,Bachittar Sengupta,6,GP,Competitor_Loyal,71
548,Rushil Patel,11,Diabetologist,Brand_Loyal,48
549,Ishita Desai,11,GP,Switcher,49
550,Liam Guha,12,GP,Switcher,61
551,Darsh Gill,5,Cardiologist,Switcher,41
552,Ojasvi Bhatia,1,GP,Switcher,43
553,Chandran Bumb,1,GP,Switcher,52
554,Janaki Lad,9,Diabetologist,Switcher,66
555,Anusha Bath,1,Cardiologist,Brand_Loyal,57
556,Zaid Bahl,6,GP,Brand_Loyal,73
557,Gagan Vala,14,GP,Competitor_Loyal,63
558,Xiti Chowdhury,12,Diabetologist,Competitor_Loyal,88
559,Dhruv Rattan,1,GP,Competitor_Loyal,92
560,Sachi Toor,12,GP,Switcher,77
561,Ikbal Khatri,5,Cardiologist,Brand_Loyal,72
562,Zinal Deshpande,15,Diabetologist,Switcher,26
563,Nihal Bhasin,9,Cardiologist,Switcher,59
564,Noah Ben,6,Diabetologist,Competitor_Loyal,79
565,Fitan Tata,5,Diabetologist,Switcher,58
566,Rachita Subramanian,8,Diabetologist,Switcher,38
567,Dipta Pandya,9,GP,Competitor_Loyal,58
568,Farhan Sharaf,8,GP,Brand_Loyal,69
569,Chaman Lalla,7,Cardiologist,Switcher,33
570,Kamala Biswas,1,Diabetologist,Competitor_Loyal,61
571,Netra Agrawal,9,Diabetologist,Competitor_Loyal,99
572,Pranit Kaul,12,GP,Brand_Loyal,42
573,Chatura Shenoy,9,Cardiologist,Switcher,45
574,Manan Sha,15,Diabetologist,Switcher,50
575,Samar Roy,5,Cardiologist,Switcher,21
576,Bimala Mitra,9,Diabetologist,Switcher,59
577,Parth Sahni,5,Cardiologist,Competitor_Loyal,55
578,Veer Chaudhry,9,GP,Switcher,42
579,Ekavir Kari,9,Cardiologist,Switcher,84
580,Meghana Sarma,15,GP,Competitor_Loyal,30
581,Chandran Rastogi,12,Diabetologist,Competitor_Loyal,64
582,Abhiram Swamy,10,Cardiologist,Switcher,53
583,Ayushman Raja,6,GP,Competitor_Loyal,59
584,Bhavini Bose,2,GP,Switcher,73
585,Maanav Gola,12,GP,Competitor_Loyal,89
586,Zarna Ram,3,Diabetologist,Switcher,37
587,Oliver Majumdar,11,GP,Competitor_Loyal,30
588,Netra Chanda,9,GP,Competitor_Loyal,68
589,Dayita Shenoy,2,Diabetologist,Switcher,61
590,Simon Bail,1,Cardiologist,Brand_Loyal,74
591,Chatresh Oza,12,GP,Switcher,53
592,Lakshit Rajagopal,6,Diabetologist,Competitor_Loyal,81
593,Pranit Munshi,13,Cardiologist,Competitor_Loyal,50
594,Nidhi Kala,9,Diabetologist,Competitor_Loyal,76
595,Pooja Nazareth,13,GP,Brand_Loyal,70
596,Nathan Mukhopadhyay,1,Diabetologist,Competitor_Loyal,64
597,Praneel Setty,12,Cardiologist,Switcher,31
598,Chakrika Lad,7,GP,Switcher,66
599,Girish Tiwari,6,Cardiologist,Brand_Loyal,30
600,Nandini Biswas,6,GP,Brand_Loyal,67
601,Hredhaan Kumar,8,GP,Brand_Loyal,35
602,Krish Rama,5,Diabetologist,Switcher,73
603,Azad Saini,5,GP,Competitor_Loyal,69
604,Pallavi Pau,9,Diabetologist,Switcher,49
605,Bhavya Batta,14,Diabetologist,Switcher,70
606,Shivani Merchant,12,Diabetologist,Switcher,57
607,Faris Raman,14,Diabetologist,Switcher,17
608,Varenya Kade,9,Diabetologist,Switcher,36
609,Lajita Walia,2,Cardiologist,Brand_Loyal,50
610,Turvi Sachdev,12,Diabetologist,Competitor_Loyal,97
611,Chandresh Chaudhry,7,Cardiologist,Brand_Loyal,51
612,Om Pandey,5,Diabetologist,Switcher,68
613,Devansh Lall,9,Diabetologist,Switcher,58
614,Nisha Vig,13,Diabetologist,Competitor_Loyal,52
615,Nandini Chaudry,15,Cardiologist,Switcher,33
616,Prisha Nadig,12,Diabetologist,Switcher,47
617,Sachi Rai,7,Cardiologist,Switcher,90
618,Krish Vala,9,GP,Competitor_Loyal,27
619,Harshil D’Alia,6,GP,Brand_Loyal,70
620,Inaya Kunda,6,Cardiologist,Switcher,49
621,Siddharth Ghose,12,Diabetologist,Switcher,46
622,Ekansh Raja,9,Diabetologist,Competitor_Loyal,65
623,Kiaan Dhar,6,Cardiologist,Competitor_Loyal,77
624,Anay Thakkar,5,Diabetologist,Brand_Loyal,69
625,Gabriel Taneja,12,GP,Brand_Loyal,83
626,Saanvi Nagi,7,Diabetologist,Brand_Loyal,42
627,Anirudh Patla,12,Cardiologist,Brand_Loyal,56
628,Ranveer Hans,12,GP,Competitor_Loyal,82
629,Brijesh Mani,5,GP,Competitor_Loyal,55
630,Jagrati Choudhary,12,GP,Switcher,77
631,Tanveer Vala,2,Diabetologist,Switcher,71
632,Tripti Bajwa,13,Cardiologist,Brand_Loyal,74
633,Anirudh Kunda,3,Diabetologist,Switcher,50
634,Mitali Oza,8,GP,Competitor_Loyal,64
635,Jonathan Sama,1,Cardiologist,Competitor_Loyal,65
636,Maya Wadhwa,5,Cardiologist,Competitor_Loyal,38
637,Raghav Shankar,14,Diabetologist,Brand_Loyal,76
638,Azad Rama,12,Diabetologist,Switcher,69
639,Jatin Sha,1,Diabetologist,Competitor_Loyal,60
640,Teerth Oommen,11,Cardiologist,Competitor_Loyal,41
641,Lajita Bassi,12,GP,Switcher,54
642,Oviya Krishnan,1,Diabetologist,Brand_Loyal,91
643,Faqid Oak,5,GP,Brand_Loyal,95
644,Ojasvi Savant,14,Cardiologist,Competitor_Loyal,50
645,Vanya Kadakia,14,GP,Switcher,62
646,Pranav Edwin,12,Cardiologist,Brand_Loyal,62
647,Dev Choudhry,3,GP,Brand_Loyal,38
648,Gaurav Kata,5,Diabetologist,Switcher,68
649,Samesh Mutti,9,Diabetologist,Switcher,57
650,Ikbal Gill,9,GP,Brand_Loyal,55
651,Nachiket Sharma,12,Cardiologist,Switcher,62
652,Jagdish Brar,9,GP,Competitor_Loyal,60
653,Dakshesh Kalla,13,Cardiologist,Switcher,63
654,Urvi Deo,7,Cardiologist,Switcher,56
655,Oliver Kakar,7,Diabetologist,Switcher,21
656,Shravya Singhal,1,Diabetologist,Competitor_Loyal,82
657,Nidra Dani,13,GP,Switcher,64
658,Joshua Trivedi,12,GP,Competitor_Loyal,54
659,Amara Narayan,5,Cardiologist,Switcher,71
660,Ganga Gaba,5,GP,Competitor_Loyal,60
661,Gayathri Balakrishnan,1,Cardiologist,Switcher,46
662,Hamsini Subramanian,7,GP,Switcher,79
663,Unni Borra,13,GP,Switcher,69
664,Urvashi Kulkarni,3,Cardiologist,Switcher,45
665,Chaaya Saha,14,Diabetologist,Switcher,38
666,Shivani Rajagopalan,12,GP,Competitor_Loyal,71
667,Harini Mammen,1,Diabetologist,Brand_Loyal,73
668,Baljiwan Gole,13,GP,Brand_Loyal,79
669,Andrew Patil,2,GP,Switcher,71
670,Lekha Gupta,1,GP,Switcher,48
671,Mitali Kamdar,6,Cardiologist,Switcher,52
672,Advik Mane,14,GP,Switcher,18
673,Naveen Borde,7,Diabetologist,Brand_Loyal,81
674,Ayushman Mand,6,Cardiologist,Switcher,43
675,Arin Chana,5,Diabetologist,Competitor_Loyal,67
676,Ikshita Mahal,5,GP,Competitor_Loyal,54
677,Rohan Viswanathan,12,Diabetologist,Brand_Loyal,76
678,Xiti Pandya,2,GP,Switcher,41
679,Mohini Soni,13,GP,Competitor_Loyal,60
680,Upkaar Reddy,15,GP,Switcher,38
681,Turvi Devan,14,Diabetologist,Brand_Loyal,69
682,Aarush Rajagopalan,13,Diabetologist,Brand_Loyal,56
683,Orinder Mishra,6,Cardiologist,Competitor_Loyal,42
684,Nimrat Nagy,12,Cardiologist,Switcher,56
685,Chaitaly Mann,12,Cardiologist,Switcher,36
686,Ekani Iyer,12,Cardiologist,Switcher,70
687,Isha Ghose,6,Diabetologist,Competitor_Loyal,50
688,Baghyawati Mishra,7,GP,Switcher,71
689,Netra Sachar,8,GP,Competitor_Loyal,38
690,Dhruv Soman,12,GP,Competitor_Loyal,67
691,Krisha Narasimhan,2,GP,Brand_Loyal,63
692,Kamala Varma,4,Diabetologist,Switcher,58
693,Yug Malhotra,6,Diabetologist,Switcher,59
694,Yashasvi Singh,8,Cardiologist,Switcher,33
695,Gagan Menon,7,Diabetologist,Switcher,37
696,Harita Randhawa,12,GP,Brand_Loyal,46
697,Ayush Batra,1,Diabetologist,Switcher,53
698,Garima Patel,9,GP,Switcher,49
699,Ijaya Pandey,6,Diabetologist,Brand_Loyal,100
700,Frederick Khurana,1,GP,Brand_Loyal,48
701,Triya Ganesan,12,GP,Switcher,73
702,Isaiah Srinivas,14,GP,Competitor_Loyal,23
703,Aishani Pau,5,Diabetologist,Switcher,27
704,Indrajit Shroff,13,Diabetologist,Switcher,59
705,Triya Gopal,1,Diabetologist,Competitor_Loyal,71
706,Ekalinga Rama,12,Cardiologist,Competitor_Loyal,93
707,Rachit Sankar,5,Diabetologist,Brand_Loyal,95
708,Garima Sani,5,Diabetologist,Switcher,72
709,Teerth Sawhney,1,GP,Switcher,67
710,Pushti Mody,1,GP,Competitor_Loyal,65
711,Jagrati Sethi,9,GP,Switcher,17
712,Nirja Bains,9,Cardiologist,Brand_Loyal,92
713,Ranveer Oza,7,GP,Switcher,55
714,Bhavna Karan,1,Cardiologist,Brand_Loyal,75
715,Jalsa Nadig,6,Diabetologist,Switcher,83
716,Unnati Chaudhari,5,Cardiologist,Competitor_Loyal,77
717,Yasti Dutta,12,GP,Competitor_Loyal,63
718,Riya Sathe,1,Diabetologist,Competitor_Loyal,79
719,Rachita Thakkar,4,Cardiologist,Switcher,60
720,Dipta Nadig,10,Cardiologist,Brand_Loyal,61
721,Qushi Gill,2,Diabetologist,Switcher,57
722,Ronith Chokshi,15,Diabetologist,Brand_Loyal,38
723,Zashil Hegde,4,GP,Switcher,29
724,Maya Dugar,12,Cardiologist,Brand_Loyal,62
725,Qarin Tara,9,Diabetologist,Switcher,26
726,Nilima Tata,5,Cardiologist,Switcher,61
727,Kiaan Shetty,1,Diabetologist,Competitor_Loyal,67
728,Bakhshi Thakkar,7,Cardiologist,Competitor_Loyal,46
729,Om Shankar,6,Cardiologist,Switcher,50
730,Chakrika Som,14,Diabetologist,Switcher,50
731,Chakradev Barad,1,GP,Switcher,20
732,Mekhala Jani,9,Diabetologist,Brand_Loyal,99
733,Kai Chad,2,Diabetologist,Switcher,49
734,Chanakya Konda,5,GP,Switcher,73
735,Nitara Vala,9,Diabetologist,Switcher,61
736,Jasmit Nanda,6,Diabetologist,Switcher,43
737,Girish Bath,7,Diabetologist,Brand_Loyal,52
738,Diya Sangha,9,Cardiologist,Competitor_Loyal,78
739,Jhalak Sastry,2,Cardiologist,Competitor_Loyal,54
740,Xiti Pal,5,Cardiologist,Switcher,35
741,Jairaj Balakrishnan,1,Cardiologist,Competitor_Loyal,48
742,Adya Bose,9,GP,Brand_Loyal,83
743,Indrajit Mani,3,Cardiologist,Brand_Loyal,56
744,Simon Pant,1,Cardiologist,Competitor_Loyal,60
745,Vinaya Kanda,1,Diabetologist,Brand_Loyal,77
746,Manthan Varma,5,Cardiologist,Brand_Loyal,70
747,Rayaan Trivedi,1,Cardiologist,Competitor_Loyal,52
748,Jatin Rajagopalan,6,Cardiologist,Competitor_Loyal,61
749,Adya Khalsa,9,GP,Brand_Loyal,77
750,Tarak Sen,9,Cardiologist,Switcher,45
751,Radha Nair,11,Cardiologist,Brand_Loyal,57
752,Rachana Mahajan,13,Cardiologist,Competitor_Loyal,58
753,Zashil Sehgal,13,Diabetologist,Switcher,56
754,Odika Narayanan,5,GP,Brand_Loyal,87
755,Bimala Jain,13,Diabetologist,Competitor_Loyal,47
756,Kavya Sankar,1,Cardiologist,Competitor_Loyal,90
757,Sanya Brar,10,GP,Switcher,63
758,Max Narayan,13,Diabetologist,Competitor_Loyal,24
759,Jagdish Chadha,13,Diabetologist,Brand_Loyal,68
760,Qarin Kulkarni,13,GP,Switcher,56
761,Ranveer Oak,12,GP,Brand_Loyal,92
762,Timothy Kanda,5,Diabetologist,Brand_Loyal,58
763,Bhavani Chacko,2,Diabetologist,Brand_Loyal,86
764,Azaan Nori,12,Diabetologist,Competitor_Loyal,51
765,Veda Sankar,14,GP,Switcher,50
766,Oni Kapur,6,GP,Switcher,41
767,Rehaan Manda,15,Cardiologist,Brand_Loyal,63
768,Michael Bedi,12,Diabetologist,Competitor_Loyal,73
769,Falan Bava,5,GP,Switcher,79
770,Chakrika Dyal,7,Diabetologist,Competitor_Loyal,69
771,Hritik Swaminathan,1,Diabetologist,Brand_Loyal,50
772,Wahab Saxena,13,Diabetologist,Competitor_Loyal,34
773,Ojas Chowdhury,8,Cardiologist,Switcher,25
774,Gayathri Butala,12,GP,Switcher,74
775,Yashica Rajagopalan,2,Diabetologist,Competitor_Loyal,48
776,Chasmum Subramanian,4,Diabetologist,Switcher,64
777,Nicholas Chaudry,14,GP,Competitor_Loyal,31
778,Riya Dhingra,12,GP,Competitor_Loyal,60
779,Indira Tripathi,2,Diabetologist,Competitor_Loyal,34
780,Yadavi Ganguly,4,Diabetologist,Brand_Loyal,59
781,Qushi Deshpande,5,Diabetologist,Competitor_Loyal,60
782,Lila Prakash,3,Cardiologist,Brand_Loyal,59
783,Odika Mital,5,Diabetologist,Switcher,71
784,Jacob Deep,12,GP,Switcher,61
785,Pranit Garde,1,Cardiologist,Competitor_Loyal,76
786,Upkaar Hayer,9,GP,Switcher,76
787,Victor Kakar,5,GP,Competitor_Loyal,63
788,Gabriel Shan,6,GP,Competitor_Loyal,55
789,Jagvi Desai,9,Diabetologist,Switcher,31
790,Ladli Chaudhuri,9,Diabetologist,Competitor_Loyal,56
791,Yashawini Raghavan,12,Cardiologist,Competitor_Loyal,69
792,Varenya Chaudhari,13,Cardiologist,Switcher,29
793,Vritti Dube,7,GP,Switcher,55
794,Tanvi Thaman,8,Cardiologist,Switcher,36
795,Farhan Randhawa,2,Diabetologist,Switcher,49
796,Upkaar Grewal,12,Cardiologist,Brand_Loyal,74
797,Yamini Seshadri,5,Cardiologist,Switcher,74
798,Ishani Dugal,9,Cardiologist,Brand_Loyal,38
799,Frederick Mody,9,Diabetologist,Switcher,54
800,Balhaar Memon,3,Diabetologist,Competitor_Loyal,35
801,Nihal Taneja,6,Diabetologist,Switcher,90
802,Hamsini Chokshi,8,Cardiologist,Brand_Loyal,33
803,Harini Gour,1,GP,Brand_Loyal,61
804,Jeet Sidhu,1,GP,Competitor_Loyal,39
805,Hema Gera,14,GP,Competitor_Loyal,51
806,Umang Pillai,9,GP,Switcher,45
807,Girik Subramaniam,9,GP,Switcher,51
808,Laksh Barad,3,GP,Brand_Loyal,52
809,Baljiwan Jaggi,12,Diabetologist,Switcher,65
810,Hemani Bakshi,5,Diabetologist,Competitor_Loyal,56
811,Yuvraj Saha,6,Diabetologist,Competitor_Loyal,74
812,Gopal Bawa,7,Cardiologist,Brand_Loyal,71
813,Adweta Raj,1,Cardiologist,Competitor_Loyal,48
814,Darsh Ram,7,Cardiologist,Brand_Loyal,49
815,Zayyan Naik,1,Diabetologist,Switcher,37
816,Azaan Keer,12,GP,Switcher,55
817,Bhavini Sheth,10,GP,Competitor_Loyal,35
818,Tanmayi Garde,13,GP,Competitor_Loyal,63
819,Balhaar Dhillon,12,Cardiologist,Competitor_Loyal,69
820,Aarnav Om,8,Cardiologist,Switcher,41
821,Abha Ghosh,6,Cardiologist,Competitor_Loyal,42
822,Chasmum Naidu,6,Cardiologist,Competitor_Loyal,73
823,Quincy Sur,6,Diabetologist,Switcher,59
824,Zarna Manda,14,GP,Competitor_Loyal,61
825,Yatan Merchant,6,Cardiologist,Competitor_Loyal,81
826,Tristan Kala,12,GP,Brand_Loyal,74
827,Ganga Murthy,1,Cardiologist,Competitor_Loyal,68
828,Vamakshi Walia,13,Cardiologist,Brand_Loyal,68
829,Chakrika Jani,9,GP,Switcher,37
830,Charvi Kakar,2,Cardiologist,Competitor_Loyal,69
831,Urmi Patla,6,Diabetologist,Competitor_Loyal,60
832,Peter Shan,10,Diabetologist,Switcher,50
833,Omisha Mann,2,Diabetologist,Switcher,27
834,Anusha Chander,6,Diabetologist,Competitor_Loyal,68
835,Chandani Gaba,5,GP,Brand_Loyal,75
836,Jonathan Basak,7,GP,Brand_Loyal,20
837,Orinder Pandya,6,Diabetologist,Competitor_Loyal,65
838,Rachana Naidu,1,Cardiologist,Brand_Loyal,80
839,Benjamin Ahluwalia,9,Cardiologist,Switcher,16
840,Bhanumati Krishnan,2,GP,Switcher,41
841,Yashoda Jhaveri,8,GP,Switcher,62
842,Inaya Chaudhari,9,Diabetologist,Competitor_Loyal,91
843,Omaja Chakraborty,7,Diabetologist,Switcher,63
844,Yachana Vyas,14,GP,Switcher,54
845,Chandresh Mohanty,13,Diabetologist,Competitor_Loyal,45
846,Atharv Nagar,6,Cardiologist,Competitor_Loyal,88
847,Quincy Sankaran,5,Diabetologist,Brand_Loyal,53
848,Waida D’Alia,1,Diabetologist,Switcher,76
849,Samesh Andra,7,Diabetologist,Competitor_Loyal,42
850,Hemangini Rao,9,Diabetologist,Switcher,34
851,Aarnav Mandal,1,GP,Competitor_Loyal,56
852,Jonathan Jhaveri,13,GP,Brand_Loyal,56
853,Samesh Bansal,12,Cardiologist,Competitor_Loyal,61
854,Dipta Ray,6,GP,Competitor_Loyal,47
855,Ishani Prashad,5,Diabetologist,Brand_Loyal,84
856,Parth Ravi,5,GP,Competitor_Loyal,74
857,Caleb Dayal,12,Cardiologist,Switcher,63
858,Lakshit More,12,Cardiologist,Competitor_Loyal,77
859,Vrinda Swaminathan,5,Cardiologist,Brand_Loyal,84
860,Indira Kanda,1,Cardiologist,Competitor_Loyal,66
861,Udyati Deep,12,Cardiologist,Switcher,66
862,Vedhika Bhagat,13,Diabetologist,Competitor_Loyal,52
863,Sai Chahal,3,Diabetologist,Switcher,65
864,Qasim Handa,1,Cardiologist,Competitor_Loyal,68
865,Vamakshi Parmer,7,Diabetologist,Switcher,66
866,Ekta Uppal,10,GP,Switcher,53
867,Ekaraj Majumdar,1,Cardiologist,Switcher,64
868,Nirja Rout,4,Cardiologist,Switcher,36
869,Omya Agrawal,13,Cardiologist,Competitor_Loyal,60
870,Lajita Divan,5,Diabetologist,Competitor_Loyal,82
871,Jasmit Shroff,14,Cardiologist,Switcher,34
872,Raksha Manne,5,GP,Brand_Loyal,52
873,Chanakya D’Alia,7,GP,Brand_Loyal,62
874,Manbir Taneja,14,Diabetologist,Switcher,58
875,Anita Swamy,10,Diabetologist,Brand_Loyal,62
876,Omya Kothari,4,Cardiologist,Switcher,18
877,Chanchal Sheth,5,Diabetologist,Switcher,52
878,Daksh Memon,1,Diabetologist,Switcher,60
879,Falak Merchant,3,GP,Brand_Loyal,50
880,George Wason,5,Cardiologist,Competitor_Loyal,55
881,Upma Bera,7,GP,Brand_Loyal,82
882,Adweta Dhillon,13,Cardiologist,Switcher,62
883,Zashil Savant,9,Cardiologist,Competitor_Loyal,63
884,Upadhriti Chatterjee,12,Cardiologist,Competitor_Loyal,75
885,Sneha Deol,9,Diabetologist,Switcher,58
886,Jyoti Iyer,6,Diabetologist,Switcher,49
887,Laban Shankar,13,GP,Switcher,53
888,Abhiram Kapur,7,Cardiologist,Switcher,29
889,Isaac Brahmbhatt,14,Diabetologist,Switcher,48
890,Xavier Nanda,5,GP,Competitor_Loyal,48
891,Turvi Sachdev,1,Cardiologist,Switcher,68
892,Utkarsh Sahni,12,Diabetologist,Switcher,38
893,Rehaan Dalal,13,Diabetologist,Brand_Loyal,42
894,Sanaya Dixit,6,Cardiologist,Competitor_Loyal,32
895,Shivani Shukla,4,Diabetologist,Brand_Loyal,54
896,Chakrika Koshy,5,Diabetologist,Switcher,50
897,Kamya Chakraborty,11,Cardiologist,Competitor_Loyal,49
898,Zansi Lad,6,Cardiologist,Switcher,60
899,Lekha Sridhar,8,Diabetologist,Switcher,46
900,Upkaar Mital,5,GP,Competitor_Loyal,67
901,Gaurang Sarkar,2,GP,Competitor_Loyal,64
902,Vasatika Ahuja,9,Diabetologist,Brand_Loyal,99
903,Vrinda Lanka,7,Cardiologist,Switcher,52
904,Sanaya Parikh,14,Diabetologist,Switcher,26
905,Vritti Sem,1,GP,Competitor_Loyal,54
906,Tanish Bhatt,1,Cardiologist,Brand_Loyal,45
907,Gaurang Mitra,13,Diabetologist,Brand_Loyal,70
908,Kashvi Vala,14,GP,Competitor_Loyal,58
909,Ansh Luthra,1,Cardiologist,Switcher,45
910,Diya Sundaram,12,Diabetologist,Switcher,84
911,Harsh Amble,7,Diabetologist,Competitor_Loyal,50
912,Neelima Thaman,12,Diabetologist,Brand_Loyal,60
913,Charan Choudhry,14,GP,Competitor_Loyal,38
914,Amara Rana,10,Cardiologist,Switcher,30
915,Kabir Dhar,14,GP,Switcher,42
916,Eesha Solanki,1,Cardiologist,Switcher,59
917,Amrita Peri,6,Cardiologist,Competitor_Loyal,79
918,Dhriti Sanghvi,2,GP,Brand_Loyal,63
919,Sudiksha Sura,12,Diabetologist,Switcher,43
920,Bachittar Rege,12,Diabetologist,Switcher,53
921,Aayush Tripathi,14,Cardiologist,Competitor_Loyal,52
922,Indrajit Shah,10,Diabetologist,Competitor_Loyal,52
923,Dayita Palan,10,GP,Brand_Loyal,36
924,Wriddhish Talwar,6,Cardiologist,Brand_Loyal,80
925,Ikbal Dugal,6,GP,Switcher,60
926,Rajeshri Chand,3,Cardiologist,Brand_Loyal,80
927,Maanas Arya,14,Cardiologist,Competitor_Loyal,54
928,Charita Puri,5,Diabetologist,Brand_Loyal,87
929,Raagini Gala,7,GP,Brand_Loyal,48
930,Viraj Bora,13,GP,Switcher,51
931,Qabil Gill,14,GP,Switcher,47
932,Lavanya Bhagat,12,GP,Competitor_Loyal,75
933,Rishi Agarwal,12,GP,Competitor_Loyal,65
934,Urishilla Oza,9,GP,Brand_Loyal,89
935,Arin Chacko,14,GP,Competitor_Loyal,65
936,Ekani Cheema,1,Diabetologist,Competitor_Loyal,54
937,Jasmit Bath,5,GP,Switcher,61
938,Ucchal Srinivas,3,GP,Brand_Loyal,77
939,Neel Oza,10,Diabetologist,Switcher,69
940,Chakrika Chaudhuri,2,GP,Switcher,60
941,Arjun Sharaf,9,Diabetologist,Brand_Loyal,65
942,Jairaj Wason,13,GP,Switcher,59
943,Girindra Barad,12,Diabetologist,Brand_Loyal,53
944,Praneel Kapoor,6,Cardiologist,Switcher,71
945,Eesha Bir,12,Diabetologist,Competitor_Loyal,79
946,Udant Mohanty,7,Diabetologist,Switcher,59
947,Jasmit Peri,14,GP,Switcher,44
948,Kashish Suresh,7,Diabetologist,Switcher,37
949,Siya Mahal,7,Cardiologist,Competitor_Loyal,81
950,Varenya Kar,7,Cardiologist,Switcher,63
951,Yash Balakrishnan,14,Diabetologist,Switcher,48
952,Krisha Vyas,12,GP,Competitor_Loyal,72
953,Girik Sampath,2,Cardiologist,Brand_Loyal,41
954,Siddharth Bains,7,GP,Brand_Loyal,68
955,Reva Viswanathan,2,Cardiologist,Switcher,73
956,Vincent Kashyap,12,Diabetologist,Brand_Loyal,91
957,Eshana Soni,10,GP,Switcher,45
958,Nisha Chaudhari,13,Cardiologist,Competitor_Loyal,82
959,Harish Sarraf,1,Cardiologist,Competitor_Loyal,56
960,Nilima Narain,1,GP,Competitor_Loyal,68
961,Mitesh Lala,14,GP,Switcher,84
962,Mitali Buch,1,GP,Brand_Loyal,60
963,Omkaar Rai,5,GP,Switcher,48
964,Shivani Natt,9,GP,Brand_Loyal,69
965,Indira Chawla,1,Cardiologist,Switcher,66
966,Dakshesh Gill,9,Diabetologist,Competitor_Loyal,72
967,Aradhana Sane,13,Diabetologist,Switcher,33
968,Wazir Palan,6,GP,Brand_Loyal,45
969,Ethan Sen,5,Diabetologist,Competitor_Loyal,79
970,Nirja Pandya,1,GP,Competitor_Loyal,73
971,Jagdish Chana,6,Diabetologist,Competitor_Loyal,56
972,Gagan Mammen,6,GP,Competitor_Loyal,59
973,Gagan Sule,12,Cardiologist,Brand_Loyal,60
974,Bhavya Rattan,1,Cardiologist,Switcher,69
975,Nakul Sarkar,6,Cardiologist,Switcher,65
976,Abdul Sahni,13,Cardiologist,Brand_Loyal,73
977,Faris Zacharia,5,Cardiologist,Switcher,83
978,Januja Pradhan,2,GP,Switcher,49
979,Aayush Mukhopadhyay,12,Diabetologist,Brand_Loyal,47
980,Nirja Dhar,9,Diabetologist,Competitor_Loyal,70
981,Hemangini Kakar,9,Diabetologist,Brand_Loyal,89
982,Wridesh Jhaveri,5,GP,Brand_Loyal,68
983,Suhani Chakrabarti,1,Cardiologist,Switcher,71
984,Bhanumati Krishnamurthy,13,GP,Switcher,35
985,Tejas Kota,5,GP,Switcher,54
986,Mitali Majumdar,1,GP,Switcher,68
987,Yasti Chowdhury,6,Cardiologist,Competitor_Loyal,77
988,Darpan Rao,6,Cardiologist,Switcher,58
989,Chatura Lalla,13,GP,Switcher,34
990,Brinda Kashyap,10,GP,Competitor_Loyal,61
991,Ethan Seth,3,Cardiologist,Switcher,84
992,Inaya Mukherjee,2,Diabetologist,Switcher,48
993,Amol Vasa,12,Cardiologist,Switcher,59
994,Yashvi Hari,2,Diabetologist,Switcher,67
995,Jagat Karpe,9,Cardiologist,Switcher,44
996,Farhan Bhalla,12,GP,Competitor_Loyal,53
997,Oeshi Hayer,1,GP,Competitor_Loyal,72
998,Gaurika Khare,14,Cardiologist,Competitor_Loyal,42
999,Shravya Bera,6,Diabetologist,Competitor_Loyal,64
1000,Urmi Hayer,7,Diabetologist,Switcher,65
1001,Anvi Anand,1,Diabetologist,Competitor_Loyal,87
1002,Maanas Munshi,4,Cardiologist,Switcher,43
1003,Charita Dhawan,5,Diabetologist,Brand_Loyal,64
1004,Manbir Kuruvilla,7,Diabetologist,Brand_Loyal,46
1005,Logan Bal,7,Cardiologist,Switcher,46
1006,Vansha Iyengar,5,Diabetologist,Switcher,48
1007,Kashvi Bhasin,5,Cardiologist,Switcher,68
1008,Laban Raman,9,GP,Competitor_Loyal,55
1009,Nikita Rama,9,Cardiologist,Competitor_Loyal,72
1010,Ekta Dara,13,GP,Competitor_Loyal,56
1011,Falak Divan,6,Cardiologist,Switcher,47
1012,Pranav Lanka,1,Cardiologist,Switcher,51
1013,Tristan Sankaran,12,Cardiologist,Competitor_Loyal,42
1014,Faraj Varkey,9,Cardiologist,Switcher,69
1015,Gauri Som,5,Diabetologist,Brand_Loyal,65
1016,Charles Natt,2,Cardiologist,Competitor_Loyal,22
1017,Dipta Sarin,1,Diabetologist,Brand_Loyal,71
1018,Warinder Patil,1,Cardiologist,Switcher,70
1019,Pahal Khatri,10,GP,Competitor_Loyal,36
1020,Osha Prasad,5,Cardiologist,Switcher,68
1021,Samesh Biswas,1,GP,Switcher,49
1022,Faris Devi,1,Diabetologist,Brand_Loyal,66
1023,Aarush Kamdar,5,GP,Switcher,42
1024,Varenya Ratti,1,Cardiologist,Competitor_Loyal,37
1025,Bachittar Gopal,6,GP,Brand_Loyal,69
1026,Oscar Varkey,9,GP,Brand_Loyal,80
1027,Timothy Sarin,9,Diabetologist,Competitor_Loyal,41
1028,Sanya Mutti,8,GP,Brand_Loyal,53
1029,Ishita Johal,6,Diabetologist,Switcher,77
1030,Ekapad Wali,12,GP,Competitor_Loyal,46
1031,Madhav Nagarajan,14,Diabetologist,Brand_Loyal,43
1032,Naveen Tella,15,Diabetologist,Brand_Loyal,58
1033,Ekani Iyer,5,Diabetologist,Switcher,46
1034,Kala Kaur,9,Diabetologist,Switcher,74
1035,Ekanta Soni,2,Cardiologist,Switcher,67
1036,Ikbal Gala,5,Cardiologist,Competitor_Loyal,60
1037,Hemang Ben,13,GP,Switcher,44
1038,Jeet Vasa,4,GP,Switcher,40
1039,Michael Hayre,5,GP,Switcher,58
1040,Jagat Kulkarni,15,Cardiologist,Switcher,48
1041,Anika Batra,5,Cardiologist,Competitor_Loyal,72
1042,Pranit Sha,12,Cardiologist,Switcher,72
1043,Dhruv Patla,15,Diabetologist,Switcher,28
1044,Gauri Kohli,1,Diabetologist,Competitor_Loyal,46
1045,Omisha Walla,9,GP,Competitor_Loyal,36
1046,Nikita Chowdhury,15,Cardiologist,Switcher,32
1047,Quincy Chaudry,10,GP,Switcher,47
1048,Ishwar Gade,1,GP,Brand_Loyal,61
1049,Vaishnavi Bora,1,Cardiologist,Competitor_Loyal,48
1050,Wishi Sathe,1,Cardiologist,Switcher,35
1051,Jackson Jha,5,Diabetologist,Switcher,51
1052,Mason Gola,6,Cardiologist,Switcher,59
1053,Aryan Raj,9,GP,Switcher,68
1054,Advaith Varughese,1,Cardiologist,Competitor_Loyal,57
1055,Oni Morar,12,Diabetologist,Switcher,65
1056,Advik Ray,13,Cardiologist,Competitor_Loyal,47
1057,Janaki Zacharia,13,GP,Competitor_Loyal,51
1058,Victor Choudhary,13,GP,Brand_Loyal,81
1059,Manbir Mani,12,Diabetologist,Competitor_Loyal,54
1060,Hema Setty,9,GP,Brand_Loyal,54
1061,William Saini,3,GP,Switcher,31
1062,Azad Magar,12,Diabetologist,Switcher,43
1063,Neel Khanna,14,Diabetologist,Brand_Loyal,62
1064,Yuvraj Kara,7,GP,Brand_Loyal,52
1065,Chanchal Mannan,7,Cardiologist,Switcher,42
1066,Guneet Varty,12,Cardiologist,Competitor_Loyal,42
1067,Bhanumati Savant,10,Diabetologist,Brand_Loyal,60
1068,Vinaya Chowdhury,8,GP,Brand_Loyal,70
1069,Avni Ramaswamy,5,Diabetologist,Brand_Loyal,91
1070,Amol Varma,3,GP,Switcher,75
1071,Veda Shroff,1,GP,Switcher,58
1072,Manbir Ahluwalia,1,GP,Competitor_Loyal,63
1073,Yamini Soman,15,Diabetologist,Competitor_Loyal,57
1074,Udyati Mohanty,5,GP,Switcher,47
1075,Arya Atwal,13,Diabetologist,Switcher,57
1076,Abha Raghavan,1,Diabetologist,Brand_Loyal,81
1077,Lajita Dube,5,GP,Switcher,84
1078,Rudra Ghose,2,GP,Switcher,62
1079,Sachi Suresh,6,GP,Competitor_Loyal,73
1080,Divya Babu,5,Cardiologist,Competitor_Loyal,50
1081,Chaitanya Sarin,1,GP,Competitor_Loyal,60
1082,Adya Bose,6,GP,Brand_Loyal,78
1083,Saksham Parmar,7,GP,Switcher,28
1084,Noah Sarma,2,Cardiologist,Switcher,62
1085,Oni Yohannan,1,GP,Switcher,62
1086,Rudra Sura,12,GP,Switcher,74
1087,Zayyan Sridhar,1,GP,Competitor_Loyal,45
1088,Shravya Palla,3,Cardiologist,Competitor_Loyal,68
1089,Chatura Apte,8,Diabetologist,Brand_Loyal,54
1090,Janaki Varghese,1,Cardiologist,Competitor_Loyal,67
1091,Nilima Dada,1,Diabetologist,Brand_Loyal,61
1092,Ekiya Seshadri,12,Cardiologist,Brand_Loyal,66
1093,Abdul Tak,12,GP,Switcher,61
1094,Rajeshri Khare,6,Diabetologist,Competitor_Loyal,82
1095,Gopal Virk,12,GP,Competitor_Loyal,62
1096,Brinda Sinha,12,GP,Competitor_Loyal,41
1097,Daksha Saran,12,Cardiologist,Switcher,65
1098,Advay Lal,5,Diabetologist,Competitor_Loyal,70
1099,Owen Choudhary,1,GP,Brand_Loyal,69
1100,Yauvani Reddy,5,Cardiologist,Switcher,50
1101,Girindra Ganesh,14,GP,Brand_Loyal,56
1102,Faras Choudhury,5,Diabetologist,Switcher,73
1103,Dalaja Nath,12,Diabetologist,Switcher,68
1104,Ekansh Dora,5,Diabetologist,Competitor_Loyal,55
1105,Vincent Bhatnagar,9,Cardiologist,Competitor_Loyal,67
1106,Ridhi Batra,8,Cardiologist,Brand_Loyal,52
1107,Abeer Basak,9,Diabetologist,Brand_Loyal,30
1108,Inaya Kapur,1,GP,Brand_Loyal,72
1109,Chatura Patla,13,Diabetologist,Switcher,91
1110,Pavani Narayanan,1,Cardiologist,Brand_Loyal,74
1111,Ishaan Iyengar,5,Diabetologist,Competitor_Loyal,79
1112,Chakradev Kannan,2,Cardiologist,Brand_Loyal,59
1113,Dipta Kalla,9,Cardiologist,Competitor_Loyal,87
1114,Mason Wable,3,Cardiologist,Switcher,51
1115,Peter Borde,9,Diabetologist,Competitor_Loyal,61
1116,Baghyawati Sarma,9,GP,Switcher,74
1117,Yuvraj Parekh,6,GP,Switcher,67
1118,Qabil Deshpande,10,GP,Brand_Loyal,61
1119,Yuvraj Dani,1,Diabetologist,Switcher,58
1120,Nikita Narayanan,1,GP,Switcher,60
1121,Damyanti Mani,1,Diabetologist,Competitor_Loyal,66
1122,Hamsini Contractor,1,Diabetologist,Switcher,54
1123,Avi Ramesh,1,GP,Competitor_Loyal,96
1124,Urmi Balay,5,GP,Competitor_Loyal,74
1125,Keya Ranganathan,1,Diabetologist,Competitor_Loyal,77
1126,Naveen Kumer,9,Cardiologist,Switcher,49
1127,Mitali Modi,12,Diabetologist,Switcher,80
1128,Widisha Dhar,1,Diabetologist,Switcher,53
1129,Forum Sabharwal,1,GP,Competitor_Loyal,68
1130,Timothy Chawla,6,Cardiologist,Competitor_Loyal,62
1131,Dayamai Gill,6,GP,Brand_Loyal,57
1132,Parth Singhal,1,GP,Switcher,45
1133,Yagnesh Shetty,1,GP,Competitor_Loyal,64
1134,Qushi Naik,12,GP,Switcher,71
1135,Prisha Ravel,12,GP,Brand_Loyal,66
1136,Anthony Randhawa,5,GP,Competitor_Loyal,58
1137,Simon Apte,12,Cardiologist,Competitor_Loyal,64
1138,Yochana Bahri,7,Diabetologist,Switcher,58
1139,Libni Doshi,1,Diabetologist,Brand_Loyal,51
1140,Hardik Contractor,1,GP,Competitor_Loyal,52
1141,Chandresh Mannan,4,Cardiologist,Switcher,42
1142,Harini Dada,9,GP,Switcher,50
1143,Garima Das,6,GP,Switcher,43
1144,Alka Peri,12,GP,Competitor_Loyal,79
1145,Veda Malhotra,1,Cardiologist,Switcher,60
1146,Aayush Chaudhary,15,GP,Switcher,75
1147,Zaid Dhingra,6,Diabetologist,Switcher,57
1148,Girish Bhatt,10,GP,Brand_Loyal,75
1149,Brinda Date,1,Diabetologist,Switcher,48
1150,Azaan Tank,4,Diabetologist,Switcher,27
1151,Hitesh Sant,1,Cardiologist,Competitor_Loyal,84
1152,Darpan Mand,13,Cardiologist,Competitor_Loyal,63
1153,Manthan Pau,9,GP,Switcher,44
1154,Naksh Bera,7,GP,Switcher,44
1155,Parth Lal,12,GP,Competitor_Loyal,44
1156,Samesh Nadig,12,GP,Competitor_Loyal,48
1157,Dayita Narang,12,Cardiologist,Competitor_Loyal,74
1158,Jai Sami,6,Cardiologist,Switcher,52
1159,Chasmum Verma,7,Cardiologist,Switcher,26
1160,Qushi Gole,3,Diabetologist,Switcher,66
1161,Owen Lanka,1,Diabetologist,Switcher,34
1162,Quincy Issac,12,Diabetologist,Brand_Loyal,75
1163,Abeer Golla,1,Cardiologist,Competitor_Loyal,60
1164,Veer Jain,9,GP,Brand_Loyal,84
1165,Naksh Agate,1,Cardiologist,Competitor_Loyal,84
1166,Sathvik Narula,12,GP,Switcher,43
1167,Nandini Warrior,5,GP,Switcher,66
1168,Qushi Seth,1,Cardiologist,Switcher,70
1169,Aadi Banerjee,12,Diabetologist,Brand_Loyal,78
1170,Jason Kaul,15,Diabetologist,Switcher,46
1171,Zayan Kashyap,1,GP,Switcher,70
1172,Sanaya Dutt,1,GP,Competitor_Loyal,73
1173,Oscar Sura,12,GP,Switcher,27
1174,Liam Acharya,12,GP,Competitor_Loyal,68
1175,Falak Munshi,4,GP,Switcher,56
1176,Robert Rajagopalan,6,Diabetologist,Competitor_Loyal,62
1177,Yashoda Rattan,9,GP,Switcher,77
1178,Michael Sandhu,12,Diabetologist,Brand_Loyal,58
1179,Ekaraj Mallick,1,Cardiologist,Competitor_Loyal,86
1180,Bhavani Wali,10,GP,Switcher,65
1181,Raghav Dara,8,Diabetologist,Competitor_Loyal,71
1182,Oscar Dave,8,Cardiologist,Brand_Loyal,63
1183,Tarak Venkataraman,12,GP,Switcher,42
1184,Ekta Gopal,1,Diabetologist,Competitor_Loyal,52
1185,Veda Kohli,9,Cardiologist,Brand_Loyal,57
1186,Ojas Basu,5,GP,Competitor_Loyal,62
1187,Sneha Sem,12,Diabetologist,Brand_Loyal,49
1188,Yasti Dalal,7,GP,Competitor_Loyal,60
1189,Nisha Savant,6,GP,Switcher,51
1190,Adya Ghosh,9,GP,Competitor_Loyal,70
1191,Ekapad Chana,9,Diabetologist,Switcher,66
1192,Ekantika Pillay,12,Diabetologist,Switcher,63
1193,Chaitanya Kaur,12,Cardiologist,Competitor_Loyal,45
1194,Atharv Grewal,3,Diabetologist,Switcher,73
1195,Anamika Loke,13,Cardiologist,Competitor_Loyal,67
1196,Amruta Goswami,9,Cardiologist,Brand_Loyal,66
1197,Oliver Nazareth,10,Cardiologist,Brand_Loyal,64
1198,Upasna Srinivas,1,GP,Switcher,74
1199,Raksha Sethi,5,Diabetologist,Brand_Loyal,68
1200,Chandani Mutti,12,Diabetologist,Competitor_Loyal,68
1201,Aarav Puri,6,Diabetologist,Switcher,84
1202,Ryan Bahri,1,GP,Switcher,83
1203,Logan Dara,6,GP,Competitor_Loyal,60
1204,Kalpit Atwal,13,Diabetologist,Competitor_Loyal,53
1205,Jhalak Parmer,1,GP,Switcher,66
1206,Samar Loke,1,Cardiologist,Switcher,63
1207,Widisha Badami,8,Diabetologist,Switcher,53
1208,Gaurangi Deol,3,Cardiologist,Switcher,23
1209,Jeevika Setty,12,Cardiologist,Switcher,55
1210,Thomas Gour,9,Diabetologist,Switcher,86
1211,Gautami Datta,13,Cardiologist,Brand_Loyal,42
1212,Bakhshi Bora,13,Cardiologist,Brand_Loyal,76
1213,Hamsini Srinivas,12,Diabetologist,Competitor_Loyal,37
1214,Leena Rattan,9,GP,Brand_Loyal,92
1215,Januja Sankar,1,Diabetologist,Switcher,79
1216,Nathaniel Tara,4,GP,Brand_Loyal,59
1217,Qadim Prakash,6,Cardiologist,Competitor_Loyal,74
1218,Frederick Chander,1,Cardiologist,Switcher,74
1219,Raghav Tailor,6,Diabetologist,Switcher,37
1220,Ekani Chauhan,3,Cardiologist,Switcher,34
1221,Odika Tailor,7,GP,Competitor_Loyal,62
1222,Jalsa Aggarwal,7,Cardiologist,Switcher,33
1223,Darsh Solanki,12,GP,Brand_Loyal,80
1224,Aarna Gole,9,Diabetologist,Competitor_Loyal,48
1225,Bhavya Borah,5,GP,Competitor_Loyal,54
1226,Kamala Buch,9,Cardiologist,Competitor_Loyal,72
1227,Garima Sama,12,GP,Switcher,42
1228,Elijah Parmar,9,Cardiologist,Competitor_Loyal,63
1229,Wazir Bawa,7,GP,Brand_Loyal,72
1230,Harish Devan,5,Cardiologist,Brand_Loyal,80
1231,Lucky Luthra,6,Diabetologist,Competitor_Loyal,69
1232,Aarav Bobal,14,Cardiologist,Brand_Loyal,48
1233,Laksh Saini,6,Cardiologist,Competitor_Loyal,83
1234,Liam Jhaveri,6,Diabetologist,Brand_Loyal,67
1235,Yochana Sagar,5,Cardiologist,Competitor_Loyal,73
1236,Abha Zacharia,9,Diabetologist,Switcher,86
1237,Pushti Ramachandran,5,Diabetologist,Switcher,67
1238,Zashil Raj,11,Diabetologist,Switcher,37
1239,Ekani Pandit,14,Diabetologist,Brand_Loyal,62
1240,Timothy Kala,9,Diabetologist,Switcher,70
1241,Zinal Viswanathan,7,Cardiologist,Brand_Loyal,55
1242,Hemani Khosla,3,Diabetologist,Switcher,67
1243,Avi Shenoy,5,GP,Brand_Loyal,74
1244,Nisha Mitter,12,Diabetologist,Competitor_Loyal,75
1245,Saumya Ahluwalia,3,GP,Switcher,41
1246,Daksh Varma,7,GP,Competitor_Loyal,54
1247,Orinder Sinha,6,GP,Brand_Loyal,70
1248,Krishna Sabharwal,6,Cardiologist,Switcher,48
1249,Vedant Kapur,7,Cardiologist,Switcher,44
1250,Oscar Hans,7,GP,Switcher,56
1251,Ayushman Nagar,12,Diabetologist,Switcher,71
1252,Dalaja Gara,12,GP,Brand_Loyal,83
1253,Qarin Nadkarni,12,Cardiologist,Switcher,63
1254,Isaiah Bhagat,12,Cardiologist,Switcher,50
1255,Hitesh Comar,13,Cardiologist,Competitor_Loyal,90
1256,Nilima Kurian,9,GP,Switcher,70
1257,Vasudha Pillay,12,GP,Brand_Loyal,52
1258,Leela Khanna,12,GP,Competitor_Loyal,76
1259,Vasatika Garde,9,GP,Competitor_Loyal,72
1260,Theodore Bahri,6,Diabetologist,Brand_Loyal,71
1261,Gabriel Mallick,1,GP,Competitor_Loyal,46
1262,Naksh Walla,9,Diabetologist,Switcher,58
1263,Anika Brahmbhatt,6,GP,Brand_Loyal,63
1264,Elijah Thakur,9,Diabetologist,Brand_Loyal,72
1265,Mitesh Sampath,5,Cardiologist,Switcher,61
1266,Krish Thakkar,12,Diabetologist,Competitor_Loyal,50
1267,Geetika Raghavan,1,Diabetologist,Competitor_Loyal,46
1268,Arunima Golla,1,Cardiologist,Brand_Loyal,77
1269,Charan Mitra,9,Cardiologist,Competitor_Loyal,63
1270,Sanaya Basu,7,Diabetologist,Switcher,59
1271,Jatin Shukla,15,Diabetologist,Switcher,36
1272,Yatan Dora,6,Cardiologist,Brand_Loyal,55
1273,Chakradhar Baral,9,Cardiologist,Competitor_Loyal,68
1274,Ekani Mangal,5,Cardiologist,Brand_Loyal,89
1275,Daksh Nazareth,13,Cardiologist,Competitor_Loyal,47
1276,Anjali Sengupta,2,GP,Brand_Loyal,69
1277,Widisha Pillai,3,Cardiologist,Brand_Loyal,73
1278,Kashvi Atwal,7,GP,Brand_Loyal,63
1279,Edhitha Ghosh,6,GP,Competitor_Loyal,61
1280,Oni Swamy,6,GP,Competitor_Loyal,62
1281,Kashish Sen,14,Cardiologist,Switcher,96
1282,Urvi Lanka,5,GP,Brand_Loyal,65
1283,Eta Thakkar,12,Diabetologist,Competitor_Loyal,50
1284,Indira Murty,12,Diabetologist,Competitor_Loyal,81
1285,Baljiwan Ramakrishnan,13,Cardiologist,Switcher,6
1286,Dev Ganesh,5,Cardiologist,Switcher,76
1287,Lajita Nadig,1,Cardiologist,Competitor_Loyal,82
1288,Sanaya Khosla,9,Diabetologist,Switcher,62
1289,Anita Nayak,1,GP,Switcher,48
1290,Logan Grover,6,Diabetologist,Switcher,80
1291,Nidhi Kohli,1,Diabetologist,Competitor_Loyal,64
1292,Krishna Parikh,14,Diabetologist,Switcher,51
1293,Mekhala Patla,9,GP,Brand_Loyal,55
1294,Urmi Wagle,6,Cardiologist,Switcher,78
1295,Chatura Bal,10,Cardiologist,Competitor_Loyal,42
1296,Ridhi Lad,14,Cardiologist,Brand_Loyal,58
1297,Udant Sha,8,Diabetologist,Competitor_Loyal,39
1298,Reyansh Nagi,9,GP,Switcher,68
1299,Darika Pau,10,GP,Switcher,56
1300,Kalpit Brar,14,Cardiologist,Switcher,93
1301,Viraj Ben,5,Diabetologist,Competitor_Loyal,50
1302,Sachi Mane,2,Cardiologist,Brand_Loyal,53
1303,Vedika Seshadri,9,GP,Switcher,42
1304,Pavani Kanda,1,Cardiologist,Switcher,53
1305,Kritika Pau,9,Cardiologist,Brand_Loyal,72
1306,Urvashi Andra,9,Diabetologist,Switcher,70
1307,Thomas Borah,13,Diabetologist,Switcher,46
1308,Farhan Saran,7,GP,Switcher,50
1309,Nimrat Dubey,1,Diabetologist,Competitor_Loyal,53
1310,Meghana Kibe,11,Diabetologist,Switcher,37
1311,Avni Dey,9,GP,Switcher,49
1312,Abdul Amble,9,Cardiologist,Brand_Loyal,67
1313,Brijesh Verma,11,Diabetologist,Switcher,27
1314,Chaitaly Bahri,7,Diabetologist,Competitor_Loyal,71
1315,Jairaj Raghavan,5,GP,Switcher,75
1316,Hemangini Roy,7,GP,Competitor_Loyal,81
1317,Bishakha Vig,8,Cardiologist,Switcher,5
1318,Radha Desai,7,GP,Competitor_Loyal,54
1319,Jagrati Morar,5,Diabetologist,Competitor_Loyal,54
1320,Tripti Babu,6,Cardiologist,Competitor_Loyal,55
1321,Krishna Modi,5,GP,Competitor_Loyal,78
1322,Wazir Naik,1,Diabetologist,Brand_Loyal,74
1323,Daniel Panchal,6,GP,Competitor_Loyal,36
1324,Agastya Swamy,15,GP,Competitor_Loyal,21
1325,Arunima Krishnan,12,Cardiologist,Brand_Loyal,67
1326,Gopal Ganesh,9,GP,Brand_Loyal,94
1327,Benjamin Nagar,12,Diabetologist,Brand_Loyal,95
1328,Ranveer Viswanathan,12,Cardiologist,Competitor_Loyal,84
1329,Arin Muni,12,Diabetologist,Switcher,50
1330,Ria Shroff,7,Cardiologist,Switcher,58
1331,Banjeet Kanda,9,Diabetologist,Brand_Loyal,98
1332,Qadim Comar,8,Cardiologist,Competitor_Loyal,31
1333,Ethan Bera,1,Cardiologist,Brand_Loyal,87
1334,Balvan Verma,12,Cardiologist,Competitor_Loyal,59
1335,Warhi Batta,5,Diabetologist,Competitor_Loyal,40
1336,Abeer Bhatnagar,9,Cardiologist,Switcher,79
1337,Maanas Misra,9,Cardiologist,Switcher,58
1338,Janya Bora,6,Diabetologist,Switcher,75
1339,Ekalinga Chahal,7,Diabetologist,Brand_Loyal,63
1340,Rushil Iyengar,7,GP,Switcher,49
1341,Fiyaz Chawla,10,Cardiologist,Competitor_Loyal,44
1342,Oni Issac,13,Cardiologist,Switcher,39
1343,Nakul Walla,12,Cardiologist,Competitor_Loyal,54
1344,Gautam Bhalla,6,Cardiologist,Switcher,63
1345,Gaurav Anand,12,Cardiologist,Switcher,47
1346,Nidhi Sethi,6,GP,Brand_Loyal,99
1347,Bimala Loke,6,GP,Competitor_Loyal,40
1348,Nilima Swamy,6,GP,Switcher,57
1349,Chandresh Manda,5,Cardiologist,Switcher,48
1350,Pushti Bal,1,GP,Switcher,60
1351,Tripti Dua,1,Diabetologist,Competitor_Loyal,65
1352,Yagnesh Dutt,12,GP,Competitor_Loyal,69
1353,Jason Loke,4,Diabetologist,Switcher,29
1354,Nidra Patla,3,Cardiologist,Switcher,67
1355,Sachi Ganesan,1,Diabetologist,Competitor_Loyal,83
1356,Zayyan Som,7,Cardiologist,Switcher,48
1357,Bahadurjit Bajwa,13,GP,Switcher,65
1358,Tejas Chowdhury,11,Cardiologist,Switcher,29
1359,Ekani Bahl,10,Cardiologist,Switcher,68
1360,Victor Raghavan,5,GP,Competitor_Loyal,71
1361,Banjeet Balasubramanian,1,Cardiologist,Switcher,50
1362,Girik Rastogi,9,Cardiologist,Brand_Loyal,72
1363,Lipika Madan,6,Diabetologist,Switcher,50
1364,Kashvi Dugal,12,Diabetologist,Competitor_Loyal,56
1365,Nisha Oza,14,Cardiologist,Switcher,57
1366,Hemani Sani,2,Cardiologist,Brand_Loyal,39
1367,William Maharaj,1,Diabetologist,Switcher,68
1368,Laksh Chahal,12,Diabetologist,Brand_Loyal,100
1369,Dipta Goel,5,Cardiologist,Switcher,58
1370,Chatresh Hari,13,Diabetologist,Switcher,50
1371,Dayita Shroff,12,GP,Competitor_Loyal,69
1372,Peter Som,7,Diabetologist,Brand_Loyal,50
1373,Abeer Konda,12,Cardiologist,Competitor_Loyal,41
1374,Yug Ramaswamy,6,Cardiologist,Competitor_Loyal,65
1375,Lakshmi Parmer,1,GP,Switcher,80
1376,Garima Jha,7,Diabetologist,Switcher,49
1377,Hritik Sankar,5,Diabetologist,Switcher,43
1378,Ikbal Kothari,5,Diabetologist,Competitor_Loyal,54
1379,Kevin Kara,6,Cardiologist,Switcher,60
1380,Manthan Som,13,GP,Switcher,33
1381,Bhavini Malhotra,12,Cardiologist,Switcher,67
1382,Ijaya Chahal,6,GP,Competitor_Loyal,70
1383,Charita Dugar,3,GP,Switcher,61
1384,Hitesh Bath,8,GP,Switcher,47
1385,Hiral Andra,6,GP,Switcher,70
1386,Vasudha Dhaliwal,12,Diabetologist,Competitor_Loyal,48
1387,Azad Chander,5,GP,Competitor_Loyal,71
1388,Hardik Johal,1,GP,Switcher,43
1389,Kai Chadha,4,Diabetologist,Switcher,60
1390,Kala Raju,14,GP,Switcher,37
1391,Krishna Viswanathan,7,GP,Competitor_Loyal,76
1392,Tejas Tiwari,5,Diabetologist,Brand_Loyal,82
1393,Gautami Bhatti,14,Diabetologist,Competitor_Loyal,34
1394,Girik Menon,1,GP,Switcher,56
1395,Yochana Bawa,6,GP,Brand_Loyal,79
1396,Tara Nagarajan,14,GP,Competitor_Loyal,43
1397,Sarthak Mitter,14,GP,Switcher,44
1398,Kevin Mittal,6,Diabetologist,Competitor_Loyal,67
1399,Chandresh Wali,5,GP,Competitor_Loyal,44
1400,Omkaar Banik,9,GP,Switcher,49
1401,Rohan Dhingra,9,Cardiologist,Switcher,87
1402,Charita Tripathi,1,Diabetologist,Switcher,71
1403,Azaan Dhar,3,Diabetologist,Switcher,54
1404,Jagdish Amble,2,Diabetologist,Brand_Loyal,62
1405,Mugdha Shan,8,GP,Switcher,30
1406,Aayush Munshi,9,GP,Switcher,87
1407,Lipika Natarajan,13,Diabetologist,Switcher,37
1408,Ishwar Bajaj,5,GP,Switcher,68
1409,Manthan Dugar,12,GP,Switcher,62
1410,Sachi Bail,14,GP,Switcher,61
1411,Ekalinga Mital,5,Cardiologist,Brand_Loyal,64
1412,Girindra Shere,6,Diabetologist,Competitor_Loyal,100
1413,Vrishti Dixit,1,Cardiologist,Competitor_Loyal,76
1414,Udant Gill,6,Diabetologist,Switcher,59
1415,Chanchal Narula,12,Diabetologist,Competitor_Loyal,69
1416,Darpan Narayan,1,Cardiologist,Switcher,69
1417,Mitesh Gaba,2,Cardiologist,Switcher,77
1418,Vedika Wagle,14,GP,Switcher,40
1419,Chanakya Chokshi,7,Diabetologist,Switcher,37
1420,Geetika Merchant,5,GP,Switcher,64
1421,Arin Dass,10,Cardiologist,Competitor_Loyal,89
1422,Diya Gole,7,GP,Competitor_Loyal,67
1423,Abhiram Gala,6,GP,Switcher,42
1424,Ridhi Boase,13,Cardiologist,Brand_Loyal,52
1425,Aditya Anand,6,Diabetologist,Switcher,69
1426,Aarav Sankar,9,Diabetologist,Competitor_Loyal,88
1427,Udant Mannan,9,Diabetologist,Competitor_Loyal,76
1428,Jai Karan,12,GP,Competitor_Loyal,85
1429,Jack Rajan,15,Diabetologist,Brand_Loyal,54
1430,Leela Keer,5,Diabetologist,Switcher,85
1431,Umang Issac,1,GP,Competitor_Loyal,65
1432,Urmi Dewan,3,GP,Switcher,57
1433,William Acharya,9,Diabetologist,Competitor_Loyal,58
1434,Owen Shankar,9,GP,Switcher,60
1435,Bhavya Dass,12,Cardiologist,Brand_Loyal,74
1436,Dayamai Singh,2,GP,Competitor_Loyal,40
1437,Onveer Nazareth,4,Cardiologist,Brand_Loyal,56
1438,Jyoti Narula,5,Cardiologist,Competitor_Loyal,87
1439,Lipika Setty,1,Diabetologist,Switcher,48
1440,Siya Borah,7,Diabetologist,Brand_Loyal,73
1441,Ishaan Subramaniam,9,Diabetologist,Brand_Loyal,78
1442,Oscar Nayak,13,Cardiologist,Switcher,5
1443,Lakshmi Wagle,7,Cardiologist,Brand_Loyal,80
1444,Raghav Vora,14,GP,Brand_Loyal,49
1445,Sudiksha Madan,1,GP,Switcher,47
1446,Chaitaly Sheth,7,Diabetologist,Switcher,34
1447,Omaja Subramanian,8,Diabetologist,Switcher,30
1448,Harita Patla,8,Diabetologist,Brand_Loyal,25
1449,Shaurya Bhardwaj,12,Diabetologist,Competitor_Loyal,66
1450,Yasti Mammen,9,Cardiologist,Brand_Loyal,77
1451,Ayush Hora,5,Diabetologist,Switcher,69
1452,Banjeet Deol,13,Diabetologist,Switcher,50
1453,Dakshesh Raval,7,Cardiologist,Brand_Loyal,44
1454,Vasudha Sodhi,1,Cardiologist,Brand_Loyal,78
1455,Waida Dey,8,GP,Competitor_Loyal,67
1456,Charles Ganesh,13,Diabetologist,Switcher,79
1457,Nidhi Sundaram,15,Cardiologist,Competitor_Loyal,24
1458,Arunima Chacko,6,GP,Brand_Loyal,73
1459,Balveer Bora,5,GP,Switcher,64
1460,Lipika Ramanathan,6,Diabetologist,Switcher,89
1461,Samuel Vasa,9,Cardiologist,Brand_Loyal,44
1462,Adya Kothari,9,GP,Brand_Loyal,85
1463,Ladli Narang,12,GP,Competitor_Loyal,54
1464,Vasudha Gola,9,GP,Competitor_Loyal,71
1465,Arya Misra,5,Cardiologist,Switcher,46
1466,Harrison Bandi,5,Cardiologist,Switcher,56
1467,Ishita Bora,9,Cardiologist,Competitor_Loyal,57
1468,Pahal Arya,9,Cardiologist,Brand_Loyal,57
1469,Jacob Balan,6,Cardiologist,Brand_Loyal,93
1470,Anjali Hans,5,GP,Switcher,56
1471,Shravya Swaminathan,5,Cardiologist,Competitor_Loyal,82
1472,Harini Buch,13,Diabetologist,Competitor_Loyal,46
1473,Ekanta Kala,13,Cardiologist,Switcher,48
1474,Balveer Ram,12,Diabetologist,Competitor_Loyal,73
1475,Balveer Nagi,9,GP,Switcher,59
1476,Farhan Vaidya,6,Diabetologist,Switcher,54
1477,Wriddhish Ghose,1,Cardiologist,Competitor_Loyal,41
1478,Keya Seth,6,Cardiologist,Competitor_Loyal,19
1479,Abhimanyu Tara,12,Diabetologist,Competitor_Loyal,84
1480,Noah Borde,8,GP,Brand_Loyal,68
1481,Caleb Kata,6,Diabetologist,Switcher,41
1482,Bachittar Kata,1,Diabetologist,Switcher,61
1483,Rohan Shankar,5,GP,Competitor_Loyal,41
1484,Robert Swaminathan,14,Diabetologist,Switcher,82
1485,Quincy Rai,5,GP,Switcher,67
1486,Madhavi Singhal,3,GP,Competitor_Loyal,60
1487,Nandini Boase,1,Diabetologist,Competitor_Loyal,62
1488,Zayan Koshy,5,Diabetologist,Switcher,37
1489,Upkaar Luthra,7,Cardiologist,Brand_Loyal,46
1490,Jyoti Tak,6,GP,Switcher,60
1491,Nisha Srinivas,6,Cardiologist,Switcher,70
1492,Indira Misra,1,GP,Competitor_Loyal,34
1493,Nihal Ramakrishnan,10,Cardiologist,Switcher,83
1494,Avni Maharaj,12,GP,Brand_Loyal,56
1495,Barkha Misra,7,GP,Competitor_Loyal,65
1496,Viraj Dutta,6,GP,Competitor_Loyal,81
1497,Pushti Murty,6,Diabetologist,Switcher,45
1498,Udant Varty,9,Diabetologist,Brand_Loyal,91
1499,Jason Krishna,15,GP,Brand_Loyal,43
1500,Ikbal Saraf,1,GP,Brand_Loyal,46
1501,Gunbir Sinha,7,GP,Switcher,50
1502,Hamsini Iyer,15,Diabetologist,Switcher,44
1503,Ishwar Mallick,1,GP,Competitor_Loyal,80
1504,Tarak Solanki,13,Diabetologist,Switcher,41
1505,Thomas Merchant,13,Diabetologist,Brand_Loyal,50
1506,Eiravati Khurana,4,GP,Switcher,21
1507,Onkar Golla,7,GP,Switcher,52
1508,Rachita Kothari,8,GP,Brand_Loyal,75
1509,Sneha Magar,6,Cardiologist,Competitor_Loyal,63
1510,Ojasvi Ganguly,13,Diabetologist,Brand_Loyal,59
1511,Ucchal Sen,2,Diabetologist,Competitor_Loyal,52
1512,Abha Dugal,10,GP,Brand_Loyal,64
1513,Gavin Comar,12,GP,Switcher,48
1514,Benjamin Sengupta,2,Diabetologist,Switcher,52
1515,Nikita Chander,1,Cardiologist,Switcher,82
1516,Aditya Contractor,9,Cardiologist,Competitor_Loyal,83
1517,Lipika Singh,9,GP,Switcher,75
1518,Dalbir Sachar,5,Diabetologist,Switcher,66
1519,Lopa Nayar,1,Cardiologist,Switcher,86
1520,Krishna Ramaswamy,12,Diabetologist,Competitor_Loyal,42
1521,Harsh Kota,6,GP,Competitor_Loyal,55
1522,Meera Borde,6,GP,Competitor_Loyal,67
1523,Nitara Guha,10,GP,Switcher,63
1524,Shaurya Mannan,9,Cardiologist,Competitor_Loyal,74
1525,Anay Ramachandran,9,Cardiologist,Brand_Loyal,41
1526,Maya Mistry,5,Diabetologist,Switcher,45
1527,Dalbir Krish,7,Diabetologist,Switcher,37
1528,Anya Sama,5,Diabetologist,Competitor_Loyal,65
1529,Leela Bali,3,Diabetologist,Switcher,56
1530,Wakeeta Desai,5,Diabetologist,Competitor_Loyal,35
1531,Lila Rege,2,Cardiologist,Competitor_Loyal,33
1532,Yasti Solanki,1,GP,Switcher,66
1533,Frederick D’Alia,5,GP,Competitor_Loyal,46
1534,Aradhana Verma,1,GP,Competitor_Loyal,72
1535,Oliver Chakrabarti,6,Diabetologist,Competitor_Loyal,45
1536,Lohit Suresh,13,Diabetologist,Switcher,42
1537,Hemang Jha,6,Cardiologist,Switcher,61
1538,Bhanumati Saha,13,Diabetologist,Competitor_Loyal,56
1539,Tanish Mangal,3,Diabetologist,Switcher,65
1540,Nimrat Zachariah,7,Cardiologist,Switcher,42
1541,Gavin Uppal,5,Diabetologist,Switcher,62
1542,Gavin Chandran,6,GP,Competitor_Loyal,55
1543,Tristan Mall,14,GP,Switcher,50
1544,Lakshit Garde,7,Diabetologist,Competitor_Loyal,47
1545,Anirudh Tripathi,9,Diabetologist,Competitor_Loyal,71
1546,Manbir Bhatti,1,Cardiologist,Switcher,48
1547,Chaitaly Suri,11,Cardiologist,Switcher,28
1548,Yasti Mani,9,Diabetologist,Switcher,77
1549,Anay Bir,6,GP,Competitor_Loyal,61
1550,Aarini Edwin,13,Cardiologist,Brand_Loyal,56
1551,Vrinda Nadig,5,Diabetologist,Competitor_Loyal,40
1552,Tanmayi Dhillon,1,Cardiologist,Brand_Loyal,61
1553,Avni Swamy,7,Diabetologist,Competitor_Loyal,47
1554,David Kapadia,6,GP,Competitor_Loyal,91
1555,Yadavi Palan,9,Diabetologist,Competitor_Loyal,59
1556,Maanas Rao,5,GP,Switcher,76
1557,Ijaya Muni,5,GP,Switcher,51
1558,Gautami Doctor,12,Diabetologist,Competitor_Loyal,74
1559,Lakshmi Vohra,5,Cardiologist,Brand_Loyal,87
1560,Yasti Bhalla,14,Diabetologist,Switcher,39
1561,Qushi Nagy,1,GP,Switcher,69
1562,Neha Magar,1,Diabetologist,Competitor_Loyal,64
1563,Sai Patil,10,Diabetologist,Competitor_Loyal,71
1564,Ira Rana,9,Diabetologist,Switcher,63
1565,Arunima Pall,15,GP,Switcher,43
1566,Samuel Garde,7,Diabetologist,Competitor_Loyal,63
1567,Libni Bawa,7,GP,Switcher,57
1568,Dominic Mitra,15,Diabetologist,Switcher,67
1569,Vasudha Chhabra,1,Cardiologist,Competitor_Loyal,78
1570,Balveer Dube,9,Diabetologist,Brand_Loyal,73
1571,Vasatika Bhatt,7,GP,Competitor_Loyal,62
1572,Ayush Dani,14,Diabetologist,Switcher,57
1573,Nandini Sachdev,12,GP,Competitor_Loyal,43
1574,Vinaya Babu,5,Cardiologist,Switcher,84
1575,Yash Wali,1,Diabetologist,Switcher,63
1576,Harshil Dhingra,2,Cardiologist,Competitor_Loyal,82
1577,Anika Magar,5,Diabetologist,Competitor_Loyal,59
1578,Ati Shroff,12,Cardiologist,Switcher,66
1579,Akshay Choudhury,12,Cardiologist,Competitor_Loyal,57
1580,Faras Sur,12,GP,Competitor_Loyal,72
1581,Urishilla Bedi,12,Diabetologist,Switcher,67
1582,Yutika Narang,5,Cardiologist,Switcher,77
1583,Tanmayi Muni,15,Diabetologist,Switcher,71
1584,Daniel Dutta,8,Cardiologist,Competitor_Loyal,34
1585,Charan Srinivasan,5,Diabetologist,Competitor_Loyal,71
1586,Harini Tripathi,1,Cardiologist,Switcher,59
1587,Mason Char,9,Diabetologist,Switcher,46
1588,Jagrati Mody,9,GP,Switcher,66
1589,Daksha Mangat,1,Diabetologist,Competitor_Loyal,47
1590,Nihal Hans,12,Cardiologist,Competitor_Loyal,80
1591,Ayush De,8,Diabetologist,Competitor_Loyal,37
1592,Akshay Wadhwa,15,Diabetologist,Competitor_Loyal,32
1593,Nilima Gole,5,Diabetologist,Switcher,78
1594,Peter Sarna,12,Cardiologist,Competitor_Loyal,60
1595,Meghana Natarajan,5,GP,Brand_Loyal,62
1596,Gagan Nath,12,Cardiologist,Switcher,53
1597,Om Dutt,7,Diabetologist,Brand_Loyal,83
1598,Advay Bora,12,Diabetologist,Competitor_Loyal,47
1599,Brinda Raju,12,Diabetologist,Switcher,29
1600,Amruta Pradhan,7,GP,Brand_Loyal,26
1601,Damini Garg,14,GP,Switcher,72
1602,Aadhya Mann,2,GP,Switcher,46
1603,Advik Devan,6,Cardiologist,Competitor_Loyal,96
1604,Chakradhar Chauhan,12,GP,Switcher,39
1605,Jason Sha,1,Cardiologist,Brand_Loyal,65
1606,Warda Ratta,1,GP,Switcher,67
1607,William Suresh,13,Cardiologist,Switcher,53
1608,Elijah Bhasin,4,Cardiologist,Brand_Loyal,74
1609,Mohammed Thakur,14,GP,Switcher,50
1610,Devika Tara,11,GP,Switcher,26
1611,Tarak Kaul,1,Diabetologist,Switcher,38
1612,Faras Mangal,1,GP,Competitor_Loyal,82
1613,Chanakya Batra,6,GP,Brand_Loyal,72
1614,Laksh Sahota,7,Diabetologist,Switcher,45
1615,Devika Naidu,11,Diabetologist,Switcher,52
1616,Falak Nagar,5,GP,Switcher,67
1617,Jeevika Bandi,12,Diabetologist,Switcher,71
1618,Ayush Chana,15,Diabetologist,Switcher,34
1619,Ijaya Soni,5,Diabetologist,Competitor_Loyal,64
1620,Kevin Parmer,13,Diabetologist,Switcher,31
1621,Edhitha Patel,5,Diabetologist,Competitor_Loyal,84
1622,Vedhika Golla,12,Cardiologist,Switcher,71
1623,Zansi Krishnamurthy,9,Cardiologist,Switcher,77
1624,Panini Chawla,9,GP,Brand_Loyal,50
1625,Balveer Sundaram,11,Diabetologist,Competitor_Loyal,36
1626,Anusha Doshi,12,Cardiologist,Brand_Loyal,100
1627,Ekavir Mittal,12,Cardiologist,Brand_Loyal,59
1628,Wishi Iyengar,9,Cardiologist,Switcher,49
1629,Maanav Kalita,13,Diabetologist,Brand_Loyal,57
1630,Kamya Date,6,GP,Switcher,26
1631,Balendra Deshpande,12,GP,Switcher,73
1632,Veda Pai,1,GP,Switcher,34
1633,Neha Dhawan,7,GP,Competitor_Loyal,42
1634,Wahab Chaudhry,9,GP,Competitor_Loyal,79
1635,Daksha Kibe,6,Diabetologist,Switcher,71
1636,Jagvi Sahni,12,Cardiologist,Brand_Loyal,87
1637,Yug Khosla,6,Cardiologist,Switcher,81
1638,Advika Cheema,7,Cardiologist,Switcher,85
1639,Yashodhara Mahajan,1,Diabetologist,Switcher,39
1640,Radha Kapadia,13,Cardiologist,Brand_Loyal,95
1641,Tara Yadav,13,Cardiologist,Brand_Loyal,67
1642,Aditya Misra,5,Cardiologist,Switcher,76
1643,Krishna Baria,9,Diabetologist,Competitor_Loyal,34
1644,Krish Kumar,9,Cardiologist,Switcher,44
1645,Sai Goda,12,GP,Competitor_Loyal,63
1646,Harshil Arora,1,GP,Competitor_Loyal,67
1647,Hemang Ganesan,12,Diabetologist,Competitor_Loyal,59
1648,Praneel Sagar,12,Cardiologist,Switcher,67
1649,Barkha Rai,5,Cardiologist,Switcher,73
1650,Raksha Gupta,13,Cardiologist,Switcher,34
1651,Yashasvi Dutta,9,GP,Switcher,60
1652,Fiyaz Sangha,1,Diabetologist,Switcher,75
1653,Mitesh Tara,1,Cardiologist,Switcher,57
1654,Arya Krish,3,Diabetologist,Brand_Loyal,61
1655,Diya Mitra,14,Cardiologist,Competitor_Loyal,53
1656,Megha Atwal,1,GP,Switcher,59
1657,Gagan Kale,14,GP,Competitor_Loyal,60
1658,Amara Dyal,9,Diabetologist,Competitor_Loyal,63
1659,Banjeet Singhal,13,Cardiologist,Competitor_Loyal,69
1660,Zinal Yohannan,1,Cardiologist,Competitor_Loyal,68
1661,Nimrat Shankar,7,GP,Brand_Loyal,83
1662,Christopher Varma,14,Diabetologist,Brand_Loyal,34
1663,Dhriti Sandhu,7,Diabetologist,Brand_Loyal,78
1664,Yashasvi Shankar,5,Cardiologist,Competitor_Loyal,67
1665,Aadhya Prasad,1,GP,Switcher,86
1666,Oviya Tata,9,Cardiologist,Switcher,47
1667,Damyanti Menon,6,Diabetologist,Competitor_Loyal,81
1668,Sanaya Panchal,13,GP,Switcher,53
1669,Warjas Nadkarni,6,Cardiologist,Switcher,56
1670,Chakradev Nath,12,Diabetologist,Switcher,32
1671,Benjamin Nadig,14,Diabetologist,Switcher,85
1672,Avni Bali,5,GP,Competitor_Loyal,61
1673,Kamya Chauhan,2,Cardiologist,Brand_Loyal,49
1674,Balendra Modi,12,GP,Switcher,66
1675,Hritik Palla,1,GP,Brand_Loyal,53
1676,Samuel Palla,12,Diabetologist,Competitor_Loyal,53
1677,Janya Rattan,9,Cardiologist,Brand_Loyal,94
1678,Amaira Wadhwa,12,GP,Brand_Loyal,64
1679,Ishaan Shenoy,1,Diabetologist,Competitor_Loyal,49
1680,Chandani Soman,5,Diabetologist,Competitor_Loyal,61
1681,Gavin Ahluwalia,5,Cardiologist,Switcher,56
1682,Fitan Narang,15,Diabetologist,Switcher,54
1683,Utkarsh Sule,14,Diabetologist,Switcher,48
1684,Ijaya Dani,5,Diabetologist,Brand_Loyal,72
1685,Urishilla Bath,13,GP,Competitor_Loyal,63
1686,Finn Solanki,7,GP,Switcher,51
1687,Chameli Mani,5,GP,Switcher,39
1688,Gaurika Setty,13,Diabetologist,Switcher,46
1689,Megha Balasubramanian,9,Cardiologist,Competitor_Loyal,49
1690,Bhavna Sarma,1,Cardiologist,Switcher,50
1691,Damyanti Dass,14,Diabetologist,Brand_Loyal,62
1692,Omisha Gola,14,GP,Brand_Loyal,49
1693,Jeevika Rao,3,GP,Switcher,47
1694,Leela Sunder,7,GP,Switcher,66
1695,Vincent Venkatesh,14,GP,Switcher,49
1696,Forum Sarraf,5,Cardiologist,Brand_Loyal,72
1697,Rajeshri Rana,10,Diabetologist,Switcher,52
1698,Meera Prakash,5,Diabetologist,Competitor_Loyal,64
1699,Zayan Buch,10,GP,Switcher,27
1700,Bhavna Dugar,1,Cardiologist,Switcher,67
1701,Tejas Wali,9,GP,Competitor_Loyal,92
1702,Siddharth Doctor,9,GP,Competitor_Loyal,51
1703,Anvi Wason,5,Diabetologist,Competitor_Loyal,71
1704,Raghav Vasa,1,Diabetologist,Switcher,64
1705,Nakul Sastry,6,Diabetologist,Switcher,55
1706,Vyanjana Som,12,GP,Competitor_Loyal,47
1707,Tanish Kant,7,GP,Switcher,65
1708,Balveer More,1,GP,Brand_Loyal,73
1709,Ishwar Aurora,12,Cardiologist,Switcher,54
1710,Parth Swaminathan,6,Cardiologist,Switcher,50
1711,Bhanumati Sur,2,Cardiologist,Brand_Loyal,46
1712,Onveer Sharma,2,GP,Competitor_Loyal,49
1713,Pranav Ram,13,Cardiologist,Competitor_Loyal,54
1714,Shivani Prabhakar,3,GP,Switcher,67
1715,Pavani Contractor,1,Cardiologist,Brand_Loyal,85
1716,Sanaya Dutta,9,Diabetologist,Switcher,59
1717,Yachana Mahajan,1,Cardiologist,Switcher,44
1718,George Ratta,12,Diabetologist,Switcher,64
1719,Bishakha Lal,6,Cardiologist,Competitor_Loyal,82
1720,Anvi Nair,1,Cardiologist,Switcher,45
1721,Ekavir Modi,12,GP,Switcher,64
1722,Widisha Dixit,13,GP,Switcher,39
1723,Aryan Ratti,14,Cardiologist,Switcher,47
1724,Jonathan Tiwari,12,Cardiologist,Switcher,75
1725,Tanvi Modi,14,GP,Switcher,46
1726,Yoshita Trivedi,9,GP,Switcher,66
1727,Hema Keer,12,GP,Brand_Loyal,55
1728,Mitesh Mandal,12,Cardiologist,Competitor_Loyal,68
1729,Mugdha Sarraf,3,Diabetologist,Competitor_Loyal,65
1730,Ekaraj Zachariah,13,Diabetologist,Brand_Loyal,84
1731,Rudra Rattan,6,GP,Competitor_Loyal,77
1732,Irya Dayal,12,Cardiologist,Switcher,43
1733,Hardik Suri,1,Cardiologist,Switcher,79
1734,Sai Parsa,5,Diabetologist,Competitor_Loyal,52
1735,Yashodhara Ratta,1,Diabetologist,Switcher,38
1736,Shravya Savant,1,Cardiologist,Competitor_Loyal,65
1737,Tanish Jha,5,Cardiologist,Brand_Loyal,67
1738,Nihal Samra,14,Diabetologist,Switcher,60
1739,Mason Divan,7,Diabetologist,Switcher,33
1740,Aarna Patla,12,Diabetologist,Switcher,52
1741,Yash Garg,12,Diabetologist,Competitor_Loyal,75
1742,Vyanjana Chopra,13,Cardiologist,Switcher,7
1743,Ishani Dube,11,GP,Switcher,44
1744,Hamsini Bhasin,11,Diabetologist,Switcher,33
1745,Kashvi Gour,12,Diabetologist,Switcher,64
1746,Vasatika Dada,9,Diabetologist,Switcher,51
1747,Patrick Dutta,13,GP,Competitor_Loyal,7
1748,Hemani Rastogi,4,GP,Switcher,16
1749,Samuel Devi,12,GP,Competitor_Loyal,88
1750,Arya Lalla,9,GP,Competitor_Loyal,44
1751,Mitesh Tandon,12,GP,Competitor_Loyal,51
1752,Janaki Chhabra,9,Cardiologist,Competitor_Loyal,47
1753,Hemani Sethi,14,GP,Brand_Loyal,84
1754,Ridhi Dalal,12,GP,Switcher,65
1755,Vasatika Buch,12,GP,Brand_Loyal,74
1756,Sathvik Solanki,11,GP,Switcher,48
1757,Eiravati Manne,5,Cardiologist,Switcher,61
1758,Nitesh Majumdar,14,GP,Brand_Loyal,78
1759,Pooja Kulkarni,9,Cardiologist,Competitor_Loyal,39
1760,Amol Bansal,13,Cardiologist,Switcher,28
1761,Upasna Setty,12,GP,Switcher,27
1762,Balveer Kota,2,GP,Brand_Loyal,65
1763,Lipika Chad,5,Cardiologist,Switcher,55
1764,Timothy Bobal,12,Diabetologist,Brand_Loyal,51
1765,Kalpit Deshmukh,12,Cardiologist,Brand_Loyal,64
1766,Yasti Rama,6,GP,Brand_Loyal,64
1767,Chandran Warrior,10,Diabetologist,Switcher,69
1768,Ijaya Palan,9,GP,Switcher,66
1769,Tanmayi Bedi,7,Cardiologist,Brand_Loyal,64
1770,Lopa Zachariah,5,Cardiologist,Switcher,87
1771,Eta Balan,5,Cardiologist,Switcher,61
1772,Kamya Murty,9,Diabetologist,Brand_Loyal,92
1773,Zehaan Srivastava,11,Diabetologist,Competitor_Loyal,56
1774,Nakul Tata,11,Cardiologist,Brand_Loyal,68
1775,Veer Subramaniam,9,Diabetologist,Brand_Loyal,77
1776,Varsha Pall,14,Diabetologist,Competitor_Loyal,48
1777,Zinal Amble,9,Diabetologist,Competitor_Loyal,56
1778,Samar Virk,12,Diabetologist,Competitor_Loyal,59
1779,Kashvi Gulati,10,GP,Switcher,37
1780,Atharv Loke,12,GP,Competitor_Loyal,67
1781,Ubika Nanda,12,Diabetologist,Brand_Loyal,86
1782,Nachiket Chad,10,Diabetologist,Switcher,61
1783,Udarsh Bala,14,Cardiologist,Switcher,64
1784,Liam Dada,14,GP,Switcher,80
1785,Gaurangi Hora,12,Diabetologist,Switcher,51
1786,Qasim Prabhakar,13,Cardiologist,Competitor_Loyal,62
1787,Jack Setty,6,Diabetologist,Competitor_Loyal,71
1788,Atharv Chakraborty,5,Cardiologist,Switcher,59
1789,Odika Bhagat,7,Diabetologist,Switcher,58
1790,Pavani Wali,13,Cardiologist,Switcher,39
1791,Anya Gulati,5,GP,Brand_Loyal,55
1792,Ubika Tella,5,Cardiologist,Brand_Loyal,81
1793,Farhan Sengupta,5,GP,Switcher,49
1794,Lila Nagy,8,Diabetologist,Switcher,41
1795,Charles Dyal,9,Diabetologist,Competitor_Loyal,52
1796,Ladli Ramakrishnan,13,Cardiologist,Competitor_Loyal,75
1797,Bina Bhavsar,9,Diabetologist,Switcher,69
1798,Warinder Bhatia,5,Cardiologist,Switcher,56
1799,Balveer Mannan,7,GP,Competitor_Loyal,67
1800,Dalbir Shere,5,Diabetologist,Brand_Loyal,67
1801,Varsha Shere,9,GP,Switcher,62
1802,Meera Nadkarni,12,Diabetologist,Brand_Loyal,78
1803,Kalpit Sundaram,6,Cardiologist,Switcher,55
1804,Chaman Sandhu,14,Cardiologist,Competitor_Loyal,42
1805,Azad Jaggi,12,Diabetologist,Switcher,41
1806,Dipta Ghose,5,GP,Competitor_Loyal,64
1807,Aarush Varma,13,Diabetologist,Competitor_Loyal,12
1808,Reyansh Mutti,1,Cardiologist,Competitor_Loyal,58
1809,Gaurang Dayal,7,Cardiologist,Switcher,52
1810,Yahvi Mann,5,Diabetologist,Competitor_Loyal,78
1811,Neel Chaudhry,9,Cardiologist,Competitor_Loyal,97
1812,Jyoti Sha,6,Cardiologist,Competitor_Loyal,77
1813,Rachit Maharaj,6,GP,Competitor_Loyal,55
1814,Darika Mital,12,Diabetologist,Competitor_Loyal,69
1815,Hemal Chad,12,GP,Switcher,67
1816,Isaiah Sachdev,12,Diabetologist,Competitor_Loyal,59
1817,Meghana Chaudhuri,6,GP,Brand_Loyal,74
1818,Chandran Chopra,12,Cardiologist,Brand_Loyal,62
1819,Keya Kumer,7,GP,Brand_Loyal,59
1820,Mekhala Pau,1,Cardiologist,Brand_Loyal,29
1821,Sachi Panchal,3,GP,Competitor_Loyal,57
1822,Yash Chadha,6,Cardiologist,Switcher,56
1823,Jagrati Srinivasan,6,GP,Brand_Loyal,43
1824,Bakhshi Date,3,GP,Brand_Loyal,48
1825,Chandani Devan,6,Cardiologist,Competitor_Loyal,41
1826,Yoshita Hari,14,Diabetologist,Brand_Loyal,72
1827,Kevin Chopra,9,Diabetologist,Switcher,45
1828,Leela Thakur,7,GP,Competitor_Loyal,51
1829,Nitesh Sarna,13,GP,Switcher,38
1830,Harsh Deo,5,GP,Competitor_Loyal,65
1831,Edhitha Padmanabhan,14,Cardiologist,Switcher,60
1832,Zayyan Pandya,5,Cardiologist,Competitor_Loyal,78
1833,Gauri Mitter,13,Diabetologist,Switcher,45
1834,Geetika Mitter,7,Diabetologist,Brand_Loyal,78
1835,Teerth Soni,12,Cardiologist,Switcher,53
1836,Ridhi Kamdar,6,Cardiologist,Brand_Loyal,77
1837,Henry Merchant,5,Diabetologist,Switcher,56
1838,Harish Hari,1,GP,Switcher,81
1839,Tamanna Vaidya,6,GP,Competitor_Loyal,41
1840,Riya Lad,13,GP,Switcher,61
1841,Baghyawati Kumar,12,Diabetologist,Switcher,77
1842,Adweta Lad,3,Cardiologist,Switcher,74
1843,Nakul Ray,5,Cardiologist,Competitor_Loyal,79
1844,Pratyush Raghavan,8,Diabetologist,Switcher,46
1845,Aahana Kashyap,7,Diabetologist,Switcher,53
1846,Darika Rao,7,GP,Competitor_Loyal,21
1847,Isaiah Khosla,6,Cardiologist,Switcher,68
1848,Ojasvi Gill,1,Diabetologist,Brand_Loyal,70
1849,Vyanjana Chand,1,Cardiologist,Switcher,58
1850,Watika Johal,7,Diabetologist,Switcher,44
1851,Vihaan Rajagopal,1,Diabetologist,Switcher,70
1852,Dhriti Bhardwaj,7,Cardiologist,Switcher,45
1853,Manbir Agate,1,Diabetologist,Switcher,28
1854,David Kurian,12,Cardiologist,Brand_Loyal,72
1855,Abhimanyu Gola,13,Cardiologist,Switcher,36
1856,Caleb Iyengar,3,Diabetologist,Brand_Loyal,82
1857,Mekhala Basak,2,Cardiologist,Competitor_Loyal,76
1858,Dayamai Rao,4,GP,Brand_Loyal,35
1859,Faras Zacharia,12,Cardiologist,Competitor_Loyal,56
1860,Sanaya Sandhu,3,GP,Brand_Loyal,88
1861,Timothy Dhingra,5,GP,Brand_Loyal,100
1862,Qushi Dhillon,12,Diabetologist,Switcher,47
1863,Chatura Gokhale,9,Cardiologist,Switcher,75
1864,Sara Chakrabarti,8,Diabetologist,Brand_Loyal,51
1865,Garima Kadakia,12,Diabetologist,Switcher,65
1866,Advik Manne,5,Diabetologist,Switcher,58
1867,Barkha Bakshi,9,Diabetologist,Switcher,58
1868,Hemangini Mangat,10,Diabetologist,Brand_Loyal,57
1869,Yuvraj Ahuja,5,Diabetologist,Competitor_Loyal,69
1870,Yahvi Sampath,14,Diabetologist,Competitor_Loyal,75
1871,Ishwar Kamdar,1,GP,Switcher,64
1872,Yatin Kota,13,Diabetologist,Competitor_Loyal,72
1873,Osha Raghavan,1,Cardiologist,Competitor_Loyal,69
1874,Qarin Kant,9,Cardiologist,Switcher,42
1875,Girik Pradhan,7,Cardiologist,Competitor_Loyal,42
1876,Hemani Dhingra,5,Cardiologist,Competitor_Loyal,97
1877,Diya Mukherjee,3,Cardiologist,Brand_Loyal,72
1878,Riya Pai,1,Diabetologist,Competitor_Loyal,70
1879,Vanya Bobal,6,GP,Switcher,57
1880,Wahab Yogi,1,Cardiologist,Brand_Loyal,48
1881,Nachiket Yadav,6,Diabetologist,Competitor_Loyal,60
1882,Udarsh Nigam,8,Diabetologist,Switcher,8
1883,Daksh Kanda,6,GP,Brand_Loyal,55
1884,Nirja Patla,2,Diabetologist,Switcher,40
1885,Dev Zachariah,13,Cardiologist,Competitor_Loyal,77
1886,Fitan Balasubramanian,6,Diabetologist,Competitor_Loyal,20
1887,Sai Ramaswamy,13,Cardiologist,Switcher,67
1888,Yagnesh Sarin,2,Cardiologist,Switcher,80
1889,Lavanya Mutti,13,GP,Brand_Loyal,65
1890,Vinaya Natarajan,7,GP,Switcher,12
1891,Bahadurjit Uppal,9,Diabetologist,Competitor_Loyal,27
1892,Raagini Kamdar,13,GP,Switcher,36
1893,Jasmit Pall,12,GP,Switcher,48
1894,Upma Mangal,5,Cardiologist,Competitor_Loyal,45
1895,Mugdha Parekh,15,Cardiologist,Brand_Loyal,41
1896,Jagdish Thakkar,6,Diabetologist,Competitor_Loyal,64
1897,Ojas Dyal,14,GP,Switcher,54
1898,Azaan Chand,1,Diabetologist,Competitor_Loyal,58
1899,Mason Varughese,7,GP,Competitor_Loyal,64
1900,Kevin Zacharia,1,Diabetologist,Switcher,76
1901,Krishna Shah,1,GP,Brand_Loyal,78
1902,Peter Shah,12,Diabetologist,Competitor_Loyal,70
1903,Jacob Khalsa,6,Cardiologist,Switcher,76
1904,Sachi Bose,3,GP,Competitor_Loyal,36
1905,Vrishti Wable,6,Diabetologist,Switcher,76
1906,Bhanumati Iyer,12,Diabetologist,Competitor_Loyal,100
1907,William Chana,13,Cardiologist,Switcher,53
1908,Vidhi Buch,13,Diabetologist,Competitor_Loyal,61
1909,Dhriti Bhagat,9,Diabetologist,Brand_Loyal,76
1910,Chasmum Dhar,5,GP,Brand_Loyal,77
1911,Reyansh Bail,11,GP,Brand_Loyal,50
1912,Pushti Raval,7,GP,Competitor_Loyal,43
1913,Rayaan Badami,7,GP,Switcher,62
1914,Jeremiah Sura,11,Diabetologist,Competitor_Loyal,44
1915,Nidhi Tata,14,Cardiologist,Switcher,45
1916,Odika Vohra,12,Cardiologist,Switcher,43
1917,Chakradhar Dasgupta,8,Cardiologist,Switcher,58
1918,Faqid Dhaliwal,1,Cardiologist,Switcher,85
1919,Shivani Lad,1,Diabetologist,Switcher,67
1920,Yuvraj Mane,6,GP,Switcher,56
1921,Quincy Mann,5,Diabetologist,Competitor_Loyal,73
1922,Keya Kumar,12,Cardiologist,Competitor_Loyal,48
1923,Frederick Rastogi,12,Cardiologist,Switcher,56
1924,Yashasvi Bir,15,Diabetologist,Switcher,31
1925,Faris Dhingra,11,GP,Switcher,46
1926,Jyoti Solanki,1,Cardiologist,Switcher,44
1927,Utkarsh Chakraborty,10,Cardiologist,Competitor_Loyal,45
1928,Peter Agarwal,6,Cardiologist,Competitor_Loyal,59
1929,Eiravati Nagi,5,Cardiologist,Competitor_Loyal,66
1930,Chandani Andra,10,Diabetologist,Competitor_Loyal,58
1931,Charvi Jha,6,GP,Switcher,70
1932,Tara Balasubramanian,1,Diabetologist,Competitor_Loyal,79
1933,Chakrika Datta,1,Diabetologist,Brand_Loyal,75
1934,David Seshadri,2,Cardiologist,Competitor_Loyal,32
1935,Daniel Viswanathan,5,Cardiologist,Competitor_Loyal,67
1936,Fitan Samra,3,Diabetologist,Switcher,55
1937,Faqid Gokhale,9,Diabetologist,Brand_Loyal,49
1938,Balhaar Date,1,Diabetologist,Brand_Loyal,85
1939,Nitesh Sengupta,6,Diabetologist,Switcher,70
1940,Frado Mander,1,Cardiologist,Switcher,46
1941,Girik Nair,5,GP,Switcher,38
1942,Warhi Khosla,13,Diabetologist,Competitor_Loyal,57
1943,Anthony Baral,12,GP,Switcher,39
1944,Vidhi Bassi,9,GP,Competitor_Loyal,63
1945,Hredhaan Deep,12,GP,Switcher,48
1946,Kashish Shanker,6,Diabetologist,Competitor_Loyal,70
1947,Abdul Chand,9,Diabetologist,Competitor_Loyal,66
1948,Zinal Tank,12,GP,Competitor_Loyal,76
1949,Manan Sathe,14,Cardiologist,Switcher,46
1950,Teerth Bhalla,5,Cardiologist,Switcher,23
1951,Jackson Deep,14,Cardiologist,Competitor_Loyal,70
1952,Tamanna Jhaveri,5,GP,Brand_Loyal,62
1953,Balvan Randhawa,7,Diabetologist,Competitor_Loyal,54
1954,Chasmum Issac,1,GP,Brand_Loyal,55
1955,Ucchal Joshi,13,Cardiologist,Switcher,59
1956,Jatin Balasubramanian,7,Diabetologist,Brand_Loyal,74
1957,Dev Chaudry,5,Cardiologist,Competitor_Loyal,57
1958,Aadhya Garde,12,Cardiologist,Competitor_Loyal,86
1959,Charan Manne,12,Cardiologist,Competitor_Loyal,68
1960,Gautami Mane,5,GP,Switcher,44
1961,Ekani Khosla,8,GP,Brand_Loyal,60
1962,Omaja Morar,5,Cardiologist,Competitor_Loyal,55
1963,Jairaj Maharaj,12,Diabetologist,Switcher,63
1964,Anthony Bhattacharyya,6,Diabetologist,Competitor_Loyal,71
1965,Ekantika Mander,6,GP,Switcher,62
1966,Dhriti Sane,1,Cardiologist,Brand_Loyal,69
1967,Girik Keer,1,GP,Switcher,47
1968,Owen Mane,10,Cardiologist,Brand_Loyal,60
1969,Charan Hayer,5,Diabetologist,Competitor_Loyal,63
1970,Guneet Hora,9,GP,Competitor_Loyal,49
1971,Riya Sachdeva,2,GP,Competitor_Loyal,48
1972,Baljiwan Gera,7,Diabetologist,Brand_Loyal,50
1973,Harshil Verma,9,GP,Competitor_Loyal,37
1974,Harinakshi Grover,3,Diabetologist,Switcher,48
1975,Christopher Tata,6,Diabetologist,Switcher,66
1976,Ojasvi Pillay,12,Cardiologist,Switcher,58
1977,Max Om,12,GP,Switcher,51
1978,Neel Iyengar,2,Diabetologist,Brand_Loyal,73
1979,Indali Kala,6,GP,Brand_Loyal,94
1980,Aachal Soni,9,Diabetologist,Switcher,32
1981,Maanas Sur,12,Diabetologist,Switcher,40
1982,Atharv Chand,1,Cardiologist,Brand_Loyal,75
1983,Ojasvi Shah,12,GP,Competitor_Loyal,92
1984,Hemangini Thakkar,6,Diabetologist,Switcher,66
1985,Zashil Dhingra,9,Diabetologist,Switcher,79
1986,Rushil Sharma,11,Diabetologist,Switcher,30
1987,Vrinda Khosla,1,GP,Competitor_Loyal,43
1988,Xavier Bora,12,GP,Competitor_Loyal,78
1989,Pranit Kala,2,GP,Brand_Loyal,65
1990,Yasti Lalla,9,Diabetologist,Brand_Loyal,100
1991,Chakradev Barad,5,Cardiologist,Switcher,44
1992,Vivaan Lalla,1,GP,Switcher,80
1993,Chandresh De,12,Cardiologist,Competitor_Loyal,40
1994,Osha Chaudhuri,7,Cardiologist,Switcher,76
1995,Advik Mani,13,Cardiologist,Switcher,34
1996,Ishaan Chatterjee,8,Cardiologist,Brand_Loyal,47
1997,Zayan Jain,9,Diabetologist,Switcher,66
1998,Ira Varty,9,Diabetologist,Switcher,62
1999,Rachita Rana,6,Diabetologist,Brand_Loyal,47
2000,Ishani Dugal,12,GP,Switcher,37
